street,direction,date,day_type,period,tt
Adelaide,EB,02-Oct-17,Weekday,AMPK,19.05954949
Adelaide,EB,03-Oct-17,Weekday,AMPK,14.20827983
Adelaide,EB,04-Oct-17,Weekday,AMPK,14.01740121
Adelaide,EB,05-Oct-17,Weekday,AMPK,17.39950169
Adelaide,EB,06-Oct-17,Weekday,AMPK,14.24138852
Adelaide,EB,10-Oct-17,Weekday,AMPK,18.72751008
Adelaide,EB,11-Oct-17,Weekday,AMPK,15.37627031
Adelaide,EB,12-Oct-17,Weekday,AMPK,23.45481941
Adelaide,EB,13-Oct-17,Weekday,AMPK,17.80881919
Adelaide,EB,30-Oct-17,Weekday,AMPK,20.45902085
Adelaide,EB,31-Oct-17,Weekday,AMPK,18.0671177
Adelaide,EB,01-Nov-17,Weekday,AMPK,19.80290771
Adelaide,EB,02-Nov-17,Weekday,AMPK,18.05937002
Adelaide,EB,03-Nov-17,Weekday,AMPK,22.91931731
Adelaide,EB,06-Nov-17,Weekday,AMPK,20.91809624
Adelaide,EB,07-Nov-17,Weekday,AMPK,19.19494087
Adelaide,EB,08-Nov-17,Weekday,AMPK,22.99398187
Adelaide,EB,09-Nov-17,Weekday,AMPK,22.83941994
Adelaide,EB,10-Nov-17,Weekday,AMPK,21.13493459
Adelaide,EB,13-Nov-17,Weekday,AMPK,17.09986841
Adelaide,EB,14-Nov-17,Weekday,AMPK,24.15872659
Adelaide,EB,15-Nov-17,Weekday,AMPK,21.08449489
Adelaide,EB,16-Nov-17,Weekday,AMPK,14.49418917
Adelaide,EB,17-Nov-17,Weekday,AMPK,22.13334344
Adelaide,EB,20-Nov-17,Weekday,AMPK,21.35387665
Adelaide,EB,21-Nov-17,Weekday,AMPK,18.31645037
Adelaide,EB,22-Nov-17,Weekday,AMPK,16.85798546
Adelaide,EB,23-Nov-17,Weekday,AMPK,21.64366501
Adelaide,EB,24-Nov-17,Weekday,AMPK,17.19170437
Adelaide,EB,27-Nov-17,Weekday,AMPK,18.32746025
Adelaide,EB,28-Nov-17,Weekday,AMPK,16.59548902
Adelaide,EB,29-Nov-17,Weekday,AMPK,25.47236815
Adelaide,EB,30-Nov-17,Weekday,AMPK,18.21118304
Adelaide,EB,01-Dec-17,Weekday,AMPK,20.89338826
Dundas,EB,02-Oct-17,Weekday,AMPK,18.95633831
Dundas,EB,03-Oct-17,Weekday,AMPK,18.44138718
Dundas,EB,04-Oct-17,Weekday,AMPK,19.56407259
Dundas,EB,05-Oct-17,Weekday,AMPK,17.30840569
Dundas,EB,06-Oct-17,Weekday,AMPK,15.62401623
Dundas,EB,10-Oct-17,Weekday,AMPK,16.7414522
Dundas,EB,11-Oct-17,Weekday,AMPK,15.57984404
Dundas,EB,12-Oct-17,Weekday,AMPK,22.81139467
Dundas,EB,13-Oct-17,Weekday,AMPK,14.64829235
Dundas,EB,30-Oct-17,Weekday,AMPK,17.82019173
Dundas,EB,31-Oct-17,Weekday,AMPK,22.09826863
Dundas,EB,01-Nov-17,Weekday,AMPK,19.5610342
Dundas,EB,02-Nov-17,Weekday,AMPK,16.87184684
Dundas,EB,03-Nov-17,Weekday,AMPK,16.18775444
Dundas,EB,06-Nov-17,Weekday,AMPK,12.51671975
Dundas,EB,07-Nov-17,Weekday,AMPK,18.65544241
Dundas,EB,08-Nov-17,Weekday,AMPK,22.27671773
Dundas,EB,09-Nov-17,Weekday,AMPK,19.41864909
Dundas,EB,10-Nov-17,Weekday,AMPK,16.19013587
Dundas,EB,13-Nov-17,Weekday,AMPK,21.9849538
Dundas,EB,14-Nov-17,Weekday,AMPK,24.60845472
Dundas,EB,15-Nov-17,Weekday,AMPK,22.71587195
Dundas,EB,16-Nov-17,Weekday,AMPK,19.71769223
Dundas,EB,17-Nov-17,Weekday,AMPK,21.95293764
Dundas,EB,20-Nov-17,Weekday,AMPK,16.20862265
Dundas,EB,21-Nov-17,Weekday,AMPK,22.51733868
Dundas,EB,22-Nov-17,Weekday,AMPK,21.65468671
Dundas,EB,23-Nov-17,Weekday,AMPK,26.70275823
Dundas,EB,24-Nov-17,Weekday,AMPK,20.79444792
Dundas,EB,27-Nov-17,Weekday,AMPK,25.37542636
Dundas,EB,28-Nov-17,Weekday,AMPK,24.95193717
Dundas,EB,29-Nov-17,Weekday,AMPK,23.61561735
Dundas,EB,30-Nov-17,Weekday,AMPK,21.70409752
Dundas,EB,01-Dec-17,Weekday,AMPK,18.31101085
Dundas,WB,02-Oct-17,Weekday,AMPK,14.26652866
Dundas,WB,03-Oct-17,Weekday,AMPK,12.50582527
Dundas,WB,04-Oct-17,Weekday,AMPK,11.53227799
Dundas,WB,05-Oct-17,Weekday,AMPK,11.98404151
Dundas,WB,06-Oct-17,Weekday,AMPK,10.47947903
Dundas,WB,10-Oct-17,Weekday,AMPK,14.30829461
Dundas,WB,11-Oct-17,Weekday,AMPK,16.81958013
Dundas,WB,12-Oct-17,Weekday,AMPK,12.42879199
Dundas,WB,13-Oct-17,Weekday,AMPK,11.01832258
Dundas,WB,30-Oct-17,Weekday,AMPK,15.54881732
Dundas,WB,31-Oct-17,Weekday,AMPK,12.23490822
Dundas,WB,01-Nov-17,Weekday,AMPK,9.543197354
Dundas,WB,02-Nov-17,Weekday,AMPK,12.89955161
Dundas,WB,03-Nov-17,Weekday,AMPK,12.66192044
Dundas,WB,06-Nov-17,Weekday,AMPK,15.47392209
Dundas,WB,07-Nov-17,Weekday,AMPK,11.69760205
Dundas,WB,08-Nov-17,Weekday,AMPK,13.37700718
Dundas,WB,09-Nov-17,Weekday,AMPK,13.63810471
Dundas,WB,10-Nov-17,Weekday,AMPK,14.36018919
Dundas,WB,13-Nov-17,Weekday,AMPK,12.02668691
Dundas,WB,14-Nov-17,Weekday,AMPK,16.16393482
Dundas,WB,15-Nov-17,Weekday,AMPK,17.41618926
Dundas,WB,16-Nov-17,Weekday,AMPK,18.04510889
Dundas,WB,17-Nov-17,Weekday,AMPK,14.8030613
Dundas,WB,20-Nov-17,Weekday,AMPK,16.71000168
Dundas,WB,21-Nov-17,Weekday,AMPK,12.17952228
Dundas,WB,22-Nov-17,Weekday,AMPK,12.04334979
Dundas,WB,23-Nov-17,Weekday,AMPK,17.45557772
Dundas,WB,24-Nov-17,Weekday,AMPK,17.03251798
Dundas,WB,27-Nov-17,Weekday,AMPK,13.6417903
Dundas,WB,28-Nov-17,Weekday,AMPK,11.99074173
Dundas,WB,29-Nov-17,Weekday,AMPK,16.35264988
Dundas,WB,30-Nov-17,Weekday,AMPK,19.74802759
Dundas,WB,01-Dec-17,Weekday,AMPK,14.12219524
Front,EB,02-Oct-17,Weekday,AMPK,14.6077404
Front,EB,03-Oct-17,Weekday,AMPK,11.86279975
Front,EB,04-Oct-17,Weekday,AMPK,17.69956774
Front,EB,05-Oct-17,Weekday,AMPK,19.01473039
Front,EB,06-Oct-17,Weekday,AMPK,14.44991146
Front,EB,10-Oct-17,Weekday,AMPK,18.15803102
Front,EB,11-Oct-17,Weekday,AMPK,17.33691668
Front,EB,12-Oct-17,Weekday,AMPK,17.7639432
Front,EB,13-Oct-17,Weekday,AMPK,13.14626451
Front,EB,30-Oct-17,Weekday,AMPK,15.59577995
Front,EB,31-Oct-17,Weekday,AMPK,20.67161442
Front,EB,01-Nov-17,Weekday,AMPK,17.38815479
Front,EB,02-Nov-17,Weekday,AMPK,16.90335049
Front,EB,03-Nov-17,Weekday,AMPK,20.90123461
Front,EB,06-Nov-17,Weekday,AMPK,19.9719546
Front,EB,07-Nov-17,Weekday,AMPK,21.50175675
Front,EB,08-Nov-17,Weekday,AMPK,17.52306384
Front,EB,09-Nov-17,Weekday,AMPK,17.67169379
Front,EB,10-Nov-17,Weekday,AMPK,20.26501229
Front,EB,13-Nov-17,Weekday,AMPK,22.14964816
Front,EB,14-Nov-17,Weekday,AMPK,22.37582186
Front,EB,15-Nov-17,Weekday,AMPK,19.26407808
Front,EB,16-Nov-17,Weekday,AMPK,19.29648085
Front,EB,17-Nov-17,Weekday,AMPK,22.21350104
Front,EB,20-Nov-17,Weekday,AMPK,16.62775781
Front,EB,21-Nov-17,Weekday,AMPK,22.08593017
Front,EB,22-Nov-17,Weekday,AMPK,20.08355651
Front,EB,23-Nov-17,Weekday,AMPK,18.4922004
Front,EB,24-Nov-17,Weekday,AMPK,18.4862597
Front,EB,27-Nov-17,Weekday,AMPK,21.02697844
Front,EB,28-Nov-17,Weekday,AMPK,21.39602116
Front,EB,29-Nov-17,Weekday,AMPK,17.11526461
Front,EB,30-Nov-17,Weekday,AMPK,24.72157206
Front,EB,01-Dec-17,Weekday,AMPK,17.35843469
Front,WB,02-Oct-17,Weekday,AMPK,14.74996197
Front,WB,03-Oct-17,Weekday,AMPK,12.84625145
Front,WB,04-Oct-17,Weekday,AMPK,16.8922156
Front,WB,05-Oct-17,Weekday,AMPK,13.57049467
Front,WB,06-Oct-17,Weekday,AMPK,17.21858254
Front,WB,10-Oct-17,Weekday,AMPK,16.69003194
Front,WB,11-Oct-17,Weekday,AMPK,16.87912863
Front,WB,12-Oct-17,Weekday,AMPK,15.53077511
Front,WB,13-Oct-17,Weekday,AMPK,11.6006289
Front,WB,30-Oct-17,Weekday,AMPK,17.45606515
Front,WB,31-Oct-17,Weekday,AMPK,12.1015234
Front,WB,01-Nov-17,Weekday,AMPK,12.50867878
Front,WB,02-Nov-17,Weekday,AMPK,11.23433716
Front,WB,03-Nov-17,Weekday,AMPK,13.0574609
Front,WB,06-Nov-17,Weekday,AMPK,13.23264636
Front,WB,07-Nov-17,Weekday,AMPK,16.71376456
Front,WB,08-Nov-17,Weekday,AMPK,10.4875386
Front,WB,09-Nov-17,Weekday,AMPK,11.04325303
Front,WB,10-Nov-17,Weekday,AMPK,11.67371033
Front,WB,13-Nov-17,Weekday,AMPK,12.49968501
Front,WB,14-Nov-17,Weekday,AMPK,19.06922271
Front,WB,15-Nov-17,Weekday,AMPK,14.39024591
Front,WB,16-Nov-17,Weekday,AMPK,14.61882762
Front,WB,17-Nov-17,Weekday,AMPK,16.04435266
Front,WB,20-Nov-17,Weekday,AMPK,13.49689486
Front,WB,21-Nov-17,Weekday,AMPK,19.67439513
Front,WB,22-Nov-17,Weekday,AMPK,17.75848513
Front,WB,23-Nov-17,Weekday,AMPK,18.64548077
Front,WB,24-Nov-17,Weekday,AMPK,11.28087347
Front,WB,27-Nov-17,Weekday,AMPK,12.83947361
Front,WB,28-Nov-17,Weekday,AMPK,14.66409537
Front,WB,29-Nov-17,Weekday,AMPK,17.24767998
Front,WB,30-Nov-17,Weekday,AMPK,17.14897344
Front,WB,01-Dec-17,Weekday,AMPK,14.46223076
Queen,EB,02-Oct-17,Weekday,AMPK,22.15814739
Queen,EB,03-Oct-17,Weekday,AMPK,17.16579578
Queen,EB,04-Oct-17,Weekday,AMPK,12.5072216
Queen,EB,05-Oct-17,Weekday,AMPK,17.27927578
Queen,EB,06-Oct-17,Weekday,AMPK,18.25817295
Queen,EB,10-Oct-17,Weekday,AMPK,19.03075284
Queen,EB,11-Oct-17,Weekday,AMPK,17.99883953
Queen,EB,12-Oct-17,Weekday,AMPK,17.5448315
Queen,EB,13-Oct-17,Weekday,AMPK,18.15985174
Queen,EB,30-Oct-17,Weekday,AMPK,20.13409005
Queen,EB,31-Oct-17,Weekday,AMPK,19.7648937
Queen,EB,01-Nov-17,Weekday,AMPK,22.4049296
Queen,EB,02-Nov-17,Weekday,AMPK,17.33987969
Queen,EB,03-Nov-17,Weekday,AMPK,18.79695598
Queen,EB,06-Nov-17,Weekday,AMPK,18.57251675
Queen,EB,07-Nov-17,Weekday,AMPK,19.7311997
Queen,EB,08-Nov-17,Weekday,AMPK,13.14864471
Queen,EB,09-Nov-17,Weekday,AMPK,17.50940609
Queen,EB,10-Nov-17,Weekday,AMPK,17.49349202
Queen,EB,13-Nov-17,Weekday,AMPK,20.95579306
Queen,EB,14-Nov-17,Weekday,AMPK,18.97728862
Queen,EB,15-Nov-17,Weekday,AMPK,20.6828279
Queen,EB,16-Nov-17,Weekday,AMPK,22.13253233
Queen,EB,17-Nov-17,Weekday,AMPK,15.79976347
Queen,EB,20-Nov-17,Weekday,AMPK,21.20911338
Queen,EB,21-Nov-17,Weekday,AMPK,19.13380099
Queen,EB,22-Nov-17,Weekday,AMPK,21.4436636
Queen,EB,23-Nov-17,Weekday,AMPK,24.25283585
Queen,EB,24-Nov-17,Weekday,AMPK,20.91125037
Queen,EB,27-Nov-17,Weekday,AMPK,18.79124471
Queen,EB,28-Nov-17,Weekday,AMPK,19.86523461
Queen,EB,29-Nov-17,Weekday,AMPK,18.05057899
Queen,EB,30-Nov-17,Weekday,AMPK,19.49157704
Queen,EB,01-Dec-17,Weekday,AMPK,22.81762784
Queen,WB,02-Oct-17,Weekday,AMPK,14.22617707
Queen,WB,03-Oct-17,Weekday,AMPK,12.25640779
Queen,WB,04-Oct-17,Weekday,AMPK,9.680492565
Queen,WB,05-Oct-17,Weekday,AMPK,10.41972407
Queen,WB,06-Oct-17,Weekday,AMPK,14.1302805
Queen,WB,10-Oct-17,Weekday,AMPK,11.72523636
Queen,WB,11-Oct-17,Weekday,AMPK,12.79720916
Queen,WB,12-Oct-17,Weekday,AMPK,13.56291747
Queen,WB,13-Oct-17,Weekday,AMPK,17.80108637
Queen,WB,30-Oct-17,Weekday,AMPK,10.99143584
Queen,WB,31-Oct-17,Weekday,AMPK,12.18078895
Queen,WB,01-Nov-17,Weekday,AMPK,11.23557012
Queen,WB,02-Nov-17,Weekday,AMPK,12.023485
Queen,WB,03-Nov-17,Weekday,AMPK,16.48298734
Queen,WB,06-Nov-17,Weekday,AMPK,14.55990387
Queen,WB,07-Nov-17,Weekday,AMPK,13.72580497
Queen,WB,08-Nov-17,Weekday,AMPK,13.43093551
Queen,WB,09-Nov-17,Weekday,AMPK,15.77072765
Queen,WB,10-Nov-17,Weekday,AMPK,11.89690567
Queen,WB,13-Nov-17,Weekday,AMPK,18.14576521
Queen,WB,14-Nov-17,Weekday,AMPK,14.01304371
Queen,WB,15-Nov-17,Weekday,AMPK,14.49119206
Queen,WB,16-Nov-17,Weekday,AMPK,13.2429364
Queen,WB,17-Nov-17,Weekday,AMPK,12.98703777
Queen,WB,20-Nov-17,Weekday,AMPK,12.23635902
Queen,WB,21-Nov-17,Weekday,AMPK,16.76971575
Queen,WB,22-Nov-17,Weekday,AMPK,13.54432598
Queen,WB,23-Nov-17,Weekday,AMPK,16.23842334
Queen,WB,24-Nov-17,Weekday,AMPK,17.18373127
Queen,WB,27-Nov-17,Weekday,AMPK,13.5397429
Queen,WB,28-Nov-17,Weekday,AMPK,15.32042079
Queen,WB,29-Nov-17,Weekday,AMPK,16.80108147
Queen,WB,30-Nov-17,Weekday,AMPK,15.00669305
Queen,WB,01-Dec-17,Weekday,AMPK,12.4238004
Richmond,WB,02-Oct-17,Weekday,AMPK,12.83558612
Richmond,WB,03-Oct-17,Weekday,AMPK,15.68452004
Richmond,WB,04-Oct-17,Weekday,AMPK,17.91183473
Richmond,WB,05-Oct-17,Weekday,AMPK,15.64309512
Richmond,WB,06-Oct-17,Weekday,AMPK,14.07423063
Richmond,WB,10-Oct-17,Weekday,AMPK,14.58162307
Richmond,WB,11-Oct-17,Weekday,AMPK,12.73142002
Richmond,WB,12-Oct-17,Weekday,AMPK,15.26088779
Richmond,WB,13-Oct-17,Weekday,AMPK,12.13146056
Richmond,WB,30-Oct-17,Weekday,AMPK,16.0709475
Richmond,WB,31-Oct-17,Weekday,AMPK,15.19860949
Richmond,WB,01-Nov-17,Weekday,AMPK,16.31765982
Richmond,WB,02-Nov-17,Weekday,AMPK,12.74633314
Richmond,WB,03-Nov-17,Weekday,AMPK,14.0530039
Richmond,WB,06-Nov-17,Weekday,AMPK,13.02920224
Richmond,WB,07-Nov-17,Weekday,AMPK,15.72361563
Richmond,WB,08-Nov-17,Weekday,AMPK,10.85537866
Richmond,WB,09-Nov-17,Weekday,AMPK,15.9598168
Richmond,WB,10-Nov-17,Weekday,AMPK,11.75944689
Richmond,WB,13-Nov-17,Weekday,AMPK,11.22926516
Richmond,WB,14-Nov-17,Weekday,AMPK,15.90698012
Richmond,WB,15-Nov-17,Weekday,AMPK,13.53901061
Richmond,WB,16-Nov-17,Weekday,AMPK,14.71949986
Richmond,WB,17-Nov-17,Weekday,AMPK,16.44477606
Richmond,WB,20-Nov-17,Weekday,AMPK,16.70984599
Richmond,WB,21-Nov-17,Weekday,AMPK,14.51030991
Richmond,WB,22-Nov-17,Weekday,AMPK,16.86037281
Richmond,WB,23-Nov-17,Weekday,AMPK,18.06490899
Richmond,WB,24-Nov-17,Weekday,AMPK,15.65572685
Richmond,WB,27-Nov-17,Weekday,AMPK,14.42072412
Richmond,WB,28-Nov-17,Weekday,AMPK,16.48118587
Richmond,WB,29-Nov-17,Weekday,AMPK,15.69544531
Richmond,WB,30-Nov-17,Weekday,AMPK,12.89401836
Richmond,WB,01-Dec-17,Weekday,AMPK,14.30450027
Wellington,WB,02-Oct-17,Weekday,AMPK,17.09260639
Wellington,WB,03-Oct-17,Weekday,AMPK,14.81146641
Wellington,WB,04-Oct-17,Weekday,AMPK,11.21816966
Wellington,WB,05-Oct-17,Weekday,AMPK,11.28031131
Wellington,WB,06-Oct-17,Weekday,AMPK,13.39394441
Wellington,WB,10-Oct-17,Weekday,AMPK,15.85844778
Wellington,WB,11-Oct-17,Weekday,AMPK,12.06892682
Wellington,WB,12-Oct-17,Weekday,AMPK,14.45668508
Wellington,WB,13-Oct-17,Weekday,AMPK,11.38954051
Wellington,WB,30-Oct-17,Weekday,AMPK,15.7391964
Wellington,WB,31-Oct-17,Weekday,AMPK,9.318650433
Wellington,WB,01-Nov-17,Weekday,AMPK,13.68562471
Wellington,WB,02-Nov-17,Weekday,AMPK,15.07112914
Wellington,WB,03-Nov-17,Weekday,AMPK,14.72165252
Wellington,WB,06-Nov-17,Weekday,AMPK,15.21703246
Wellington,WB,07-Nov-17,Weekday,AMPK,15.8271376
Wellington,WB,08-Nov-17,Weekday,AMPK,15.92482015
Wellington,WB,09-Nov-17,Weekday,AMPK,15.29677953
Wellington,WB,10-Nov-17,Weekday,AMPK,9.043472435
Wellington,WB,13-Nov-17,Weekday,AMPK,18.63165243
Wellington,WB,14-Nov-17,Weekday,AMPK,12.86698364
Wellington,WB,15-Nov-17,Weekday,AMPK,12.3132456
Wellington,WB,16-Nov-17,Weekday,AMPK,13.38550826
Wellington,WB,17-Nov-17,Weekday,AMPK,14.07100725
Wellington,WB,20-Nov-17,Weekday,AMPK,15.88361858
Wellington,WB,21-Nov-17,Weekday,AMPK,15.50761349
Wellington,WB,22-Nov-17,Weekday,AMPK,13.82802001
Wellington,WB,23-Nov-17,Weekday,AMPK,15.43376638
Wellington,WB,24-Nov-17,Weekday,AMPK,17.25481433
Wellington,WB,27-Nov-17,Weekday,AMPK,20.81902582
Wellington,WB,28-Nov-17,Weekday,AMPK,15.27784576
Wellington,WB,29-Nov-17,Weekday,AMPK,17.81747914
Wellington,WB,30-Nov-17,Weekday,AMPK,14.82213455
Wellington,WB,01-Dec-17,Weekday,AMPK,13.1093823
Adelaide,EB,02-Oct-17,Weekday,AMSH,10.61059967
Adelaide,EB,03-Oct-17,Weekday,AMSH,12.20239684
Adelaide,EB,04-Oct-17,Weekday,AMSH,10.95016364
Adelaide,EB,05-Oct-17,Weekday,AMSH,10.75552361
Adelaide,EB,06-Oct-17,Weekday,AMSH,9.006104319
Adelaide,EB,10-Oct-17,Weekday,AMSH,10.58597846
Adelaide,EB,11-Oct-17,Weekday,AMSH,8.34850389
Adelaide,EB,12-Oct-17,Weekday,AMSH,10.34165581
Adelaide,EB,13-Oct-17,Weekday,AMSH,8.742214917
Adelaide,EB,30-Oct-17,Weekday,AMSH,10.03220486
Adelaide,EB,31-Oct-17,Weekday,AMSH,12.39243854
Adelaide,EB,01-Nov-17,Weekday,AMSH,10.80769192
Adelaide,EB,02-Nov-17,Weekday,AMSH,8.368535776
Adelaide,EB,03-Nov-17,Weekday,AMSH,10.97906351
Adelaide,EB,06-Nov-17,Weekday,AMSH,8.748713925
Adelaide,EB,07-Nov-17,Weekday,AMSH,8.418498985
Adelaide,EB,08-Nov-17,Weekday,AMSH,12.53309076
Adelaide,EB,09-Nov-17,Weekday,AMSH,10.97541226
Adelaide,EB,10-Nov-17,Weekday,AMSH,12.5622887
Adelaide,EB,13-Nov-17,Weekday,AMSH,10.31473388
Adelaide,EB,14-Nov-17,Weekday,AMSH,15.01007051
Adelaide,EB,15-Nov-17,Weekday,AMSH,12.02353743
Adelaide,EB,16-Nov-17,Weekday,AMSH,14.801633
Adelaide,EB,17-Nov-17,Weekday,AMSH,11.19188747
Adelaide,EB,20-Nov-17,Weekday,AMSH,15.11697699
Adelaide,EB,21-Nov-17,Weekday,AMSH,14.35764197
Adelaide,EB,22-Nov-17,Weekday,AMSH,13.0473889
Adelaide,EB,23-Nov-17,Weekday,AMSH,12.01305126
Adelaide,EB,24-Nov-17,Weekday,AMSH,11.74567452
Adelaide,EB,27-Nov-17,Weekday,AMSH,14.52148804
Adelaide,EB,28-Nov-17,Weekday,AMSH,16.65678824
Adelaide,EB,29-Nov-17,Weekday,AMSH,15.00287517
Adelaide,EB,30-Nov-17,Weekday,AMSH,15.76278202
Adelaide,EB,01-Dec-17,Weekday,AMSH,16.02713589
Dundas,EB,02-Oct-17,Weekday,AMSH,9.576492607
Dundas,EB,03-Oct-17,Weekday,AMSH,12.76149838
Dundas,EB,04-Oct-17,Weekday,AMSH,11.03099466
Dundas,EB,05-Oct-17,Weekday,AMSH,13.99498003
Dundas,EB,06-Oct-17,Weekday,AMSH,8.181975072
Dundas,EB,10-Oct-17,Weekday,AMSH,13.34579573
Dundas,EB,11-Oct-17,Weekday,AMSH,11.02423364
Dundas,EB,12-Oct-17,Weekday,AMSH,11.32328623
Dundas,EB,13-Oct-17,Weekday,AMSH,10.70482384
Dundas,EB,30-Oct-17,Weekday,AMSH,12.15724067
Dundas,EB,31-Oct-17,Weekday,AMSH,9.251154529
Dundas,EB,01-Nov-17,Weekday,AMSH,13.30839091
Dundas,EB,02-Nov-17,Weekday,AMSH,11.72409313
Dundas,EB,03-Nov-17,Weekday,AMSH,12.28059908
Dundas,EB,06-Nov-17,Weekday,AMSH,11.12401954
Dundas,EB,07-Nov-17,Weekday,AMSH,9.268878073
Dundas,EB,08-Nov-17,Weekday,AMSH,8.03588349
Dundas,EB,09-Nov-17,Weekday,AMSH,8.232718434
Dundas,EB,10-Nov-17,Weekday,AMSH,10.62994736
Dundas,EB,13-Nov-17,Weekday,AMSH,13.50837409
Dundas,EB,14-Nov-17,Weekday,AMSH,13.48115614
Dundas,EB,15-Nov-17,Weekday,AMSH,10.51826846
Dundas,EB,16-Nov-17,Weekday,AMSH,13.89900586
Dundas,EB,17-Nov-17,Weekday,AMSH,15.70527159
Dundas,EB,20-Nov-17,Weekday,AMSH,11.53224697
Dundas,EB,21-Nov-17,Weekday,AMSH,12.61809729
Dundas,EB,22-Nov-17,Weekday,AMSH,11.20136318
Dundas,EB,23-Nov-17,Weekday,AMSH,15.06231906
Dundas,EB,24-Nov-17,Weekday,AMSH,15.2162077
Dundas,EB,27-Nov-17,Weekday,AMSH,14.15811363
Dundas,EB,28-Nov-17,Weekday,AMSH,11.26744443
Dundas,EB,29-Nov-17,Weekday,AMSH,15.04666366
Dundas,EB,30-Nov-17,Weekday,AMSH,15.2017901
Dundas,EB,01-Dec-17,Weekday,AMSH,10.3104686
Dundas,WB,02-Oct-17,Weekday,AMSH,11.19617
Dundas,WB,03-Oct-17,Weekday,AMSH,8.747533972
Dundas,WB,04-Oct-17,Weekday,AMSH,8.592306699
Dundas,WB,05-Oct-17,Weekday,AMSH,10.06899487
Dundas,WB,06-Oct-17,Weekday,AMSH,11.06494868
Dundas,WB,10-Oct-17,Weekday,AMSH,12.11295315
Dundas,WB,11-Oct-17,Weekday,AMSH,13.76390702
Dundas,WB,12-Oct-17,Weekday,AMSH,12.84048306
Dundas,WB,13-Oct-17,Weekday,AMSH,10.97403278
Dundas,WB,30-Oct-17,Weekday,AMSH,11.78696337
Dundas,WB,31-Oct-17,Weekday,AMSH,10.77618407
Dundas,WB,01-Nov-17,Weekday,AMSH,9.902940402
Dundas,WB,02-Nov-17,Weekday,AMSH,11.23496649
Dundas,WB,03-Nov-17,Weekday,AMSH,13.13100646
Dundas,WB,06-Nov-17,Weekday,AMSH,8.784423331
Dundas,WB,07-Nov-17,Weekday,AMSH,10.59982106
Dundas,WB,08-Nov-17,Weekday,AMSH,11.20025518
Dundas,WB,09-Nov-17,Weekday,AMSH,11.75238835
Dundas,WB,10-Nov-17,Weekday,AMSH,13.65116269
Dundas,WB,13-Nov-17,Weekday,AMSH,14.50469016
Dundas,WB,14-Nov-17,Weekday,AMSH,15.34189589
Dundas,WB,15-Nov-17,Weekday,AMSH,11.87994278
Dundas,WB,16-Nov-17,Weekday,AMSH,13.42782634
Dundas,WB,17-Nov-17,Weekday,AMSH,16.84164289
Dundas,WB,20-Nov-17,Weekday,AMSH,11.19089021
Dundas,WB,21-Nov-17,Weekday,AMSH,15.56199727
Dundas,WB,22-Nov-17,Weekday,AMSH,10.38382858
Dundas,WB,23-Nov-17,Weekday,AMSH,11.90931158
Dundas,WB,24-Nov-17,Weekday,AMSH,15.14140826
Dundas,WB,27-Nov-17,Weekday,AMSH,13.70297092
Dundas,WB,28-Nov-17,Weekday,AMSH,12.33851597
Dundas,WB,29-Nov-17,Weekday,AMSH,10.2526798
Dundas,WB,30-Nov-17,Weekday,AMSH,16.69133481
Dundas,WB,01-Dec-17,Weekday,AMSH,15.55409402
Front,EB,02-Oct-17,Weekday,AMSH,10.73054589
Front,EB,03-Oct-17,Weekday,AMSH,10.21760441
Front,EB,04-Oct-17,Weekday,AMSH,11.23420813
Front,EB,05-Oct-17,Weekday,AMSH,9.284503855
Front,EB,06-Oct-17,Weekday,AMSH,10.1083417
Front,EB,10-Oct-17,Weekday,AMSH,9.504619431
Front,EB,11-Oct-17,Weekday,AMSH,12.14334454
Front,EB,12-Oct-17,Weekday,AMSH,9.571393303
Front,EB,13-Oct-17,Weekday,AMSH,9.549559096
Front,EB,30-Oct-17,Weekday,AMSH,11.07447432
Front,EB,31-Oct-17,Weekday,AMSH,9.123277647
Front,EB,01-Nov-17,Weekday,AMSH,9.218431355
Front,EB,02-Nov-17,Weekday,AMSH,11.10121184
Front,EB,03-Nov-17,Weekday,AMSH,11.91229177
Front,EB,06-Nov-17,Weekday,AMSH,9.303011249
Front,EB,07-Nov-17,Weekday,AMSH,10.65342515
Front,EB,08-Nov-17,Weekday,AMSH,12.17529216
Front,EB,09-Nov-17,Weekday,AMSH,12.7452855
Front,EB,10-Nov-17,Weekday,AMSH,11.95540875
Front,EB,13-Nov-17,Weekday,AMSH,14.40069611
Front,EB,14-Nov-17,Weekday,AMSH,15.41521404
Front,EB,15-Nov-17,Weekday,AMSH,10.86555318
Front,EB,16-Nov-17,Weekday,AMSH,14.74079326
Front,EB,17-Nov-17,Weekday,AMSH,12.99374814
Front,EB,20-Nov-17,Weekday,AMSH,10.63578787
Front,EB,21-Nov-17,Weekday,AMSH,10.97302944
Front,EB,22-Nov-17,Weekday,AMSH,14.98955187
Front,EB,23-Nov-17,Weekday,AMSH,15.20354794
Front,EB,24-Nov-17,Weekday,AMSH,13.49167766
Front,EB,27-Nov-17,Weekday,AMSH,14.5327975
Front,EB,28-Nov-17,Weekday,AMSH,11.04502495
Front,EB,29-Nov-17,Weekday,AMSH,12.65781
Front,EB,30-Nov-17,Weekday,AMSH,11.17107448
Front,EB,01-Dec-17,Weekday,AMSH,10.84134778
Front,WB,02-Oct-17,Weekday,AMSH,9.306416166
Front,WB,03-Oct-17,Weekday,AMSH,9.193610594
Front,WB,04-Oct-17,Weekday,AMSH,13.48865893
Front,WB,05-Oct-17,Weekday,AMSH,10.30240979
Front,WB,06-Oct-17,Weekday,AMSH,9.055334324
Front,WB,10-Oct-17,Weekday,AMSH,8.926500073
Front,WB,11-Oct-17,Weekday,AMSH,10.99283665
Front,WB,12-Oct-17,Weekday,AMSH,9.836403631
Front,WB,13-Oct-17,Weekday,AMSH,10.08664915
Front,WB,30-Oct-17,Weekday,AMSH,8.800038232
Front,WB,31-Oct-17,Weekday,AMSH,10.32555565
Front,WB,01-Nov-17,Weekday,AMSH,13.61251901
Front,WB,02-Nov-17,Weekday,AMSH,13.00177129
Front,WB,03-Nov-17,Weekday,AMSH,12.93332626
Front,WB,06-Nov-17,Weekday,AMSH,13.89125678
Front,WB,07-Nov-17,Weekday,AMSH,10.06484705
Front,WB,08-Nov-17,Weekday,AMSH,12.80660173
Front,WB,09-Nov-17,Weekday,AMSH,12.71836448
Front,WB,10-Nov-17,Weekday,AMSH,11.95683347
Front,WB,13-Nov-17,Weekday,AMSH,10.02082227
Front,WB,14-Nov-17,Weekday,AMSH,15.17726001
Front,WB,15-Nov-17,Weekday,AMSH,13.53041328
Front,WB,16-Nov-17,Weekday,AMSH,11.78062007
Front,WB,17-Nov-17,Weekday,AMSH,14.80615662
Front,WB,20-Nov-17,Weekday,AMSH,10.94661614
Front,WB,21-Nov-17,Weekday,AMSH,13.35069634
Front,WB,22-Nov-17,Weekday,AMSH,11.81027022
Front,WB,23-Nov-17,Weekday,AMSH,14.26561911
Front,WB,24-Nov-17,Weekday,AMSH,13.73612857
Front,WB,27-Nov-17,Weekday,AMSH,15.13150587
Front,WB,28-Nov-17,Weekday,AMSH,14.59650129
Front,WB,29-Nov-17,Weekday,AMSH,15.69811923
Front,WB,30-Nov-17,Weekday,AMSH,11.5857568
Front,WB,01-Dec-17,Weekday,AMSH,15.108219
Queen,EB,02-Oct-17,Weekday,AMSH,10.69649893
Queen,EB,03-Oct-17,Weekday,AMSH,9.771673049
Queen,EB,04-Oct-17,Weekday,AMSH,12.76999351
Queen,EB,05-Oct-17,Weekday,AMSH,13.78767147
Queen,EB,06-Oct-17,Weekday,AMSH,8.197037779
Queen,EB,10-Oct-17,Weekday,AMSH,9.973997201
Queen,EB,11-Oct-17,Weekday,AMSH,8.503989436
Queen,EB,12-Oct-17,Weekday,AMSH,11.65496991
Queen,EB,13-Oct-17,Weekday,AMSH,12.31725532
Queen,EB,30-Oct-17,Weekday,AMSH,11.39663166
Queen,EB,31-Oct-17,Weekday,AMSH,13.90582559
Queen,EB,01-Nov-17,Weekday,AMSH,11.45582265
Queen,EB,02-Nov-17,Weekday,AMSH,12.69579799
Queen,EB,03-Nov-17,Weekday,AMSH,12.69021746
Queen,EB,06-Nov-17,Weekday,AMSH,9.875954606
Queen,EB,07-Nov-17,Weekday,AMSH,9.112557078
Queen,EB,08-Nov-17,Weekday,AMSH,11.68974589
Queen,EB,09-Nov-17,Weekday,AMSH,13.46792509
Queen,EB,10-Nov-17,Weekday,AMSH,11.57767528
Queen,EB,13-Nov-17,Weekday,AMSH,15.79747891
Queen,EB,14-Nov-17,Weekday,AMSH,13.53738317
Queen,EB,15-Nov-17,Weekday,AMSH,11.45957281
Queen,EB,16-Nov-17,Weekday,AMSH,16.51939668
Queen,EB,17-Nov-17,Weekday,AMSH,11.66058657
Queen,EB,20-Nov-17,Weekday,AMSH,12.63165379
Queen,EB,21-Nov-17,Weekday,AMSH,13.4717129
Queen,EB,22-Nov-17,Weekday,AMSH,14.22531746
Queen,EB,23-Nov-17,Weekday,AMSH,14.1744884
Queen,EB,24-Nov-17,Weekday,AMSH,16.45189853
Queen,EB,27-Nov-17,Weekday,AMSH,11.84781522
Queen,EB,28-Nov-17,Weekday,AMSH,10.49491824
Queen,EB,29-Nov-17,Weekday,AMSH,10.34465418
Queen,EB,30-Nov-17,Weekday,AMSH,13.45411109
Queen,EB,01-Dec-17,Weekday,AMSH,15.40231806
Queen,WB,02-Oct-17,Weekday,AMSH,10.82354654
Queen,WB,03-Oct-17,Weekday,AMSH,11.97388885
Queen,WB,04-Oct-17,Weekday,AMSH,12.3549019
Queen,WB,05-Oct-17,Weekday,AMSH,9.481792379
Queen,WB,06-Oct-17,Weekday,AMSH,11.67449232
Queen,WB,10-Oct-17,Weekday,AMSH,12.16081012
Queen,WB,11-Oct-17,Weekday,AMSH,12.82279602
Queen,WB,12-Oct-17,Weekday,AMSH,12.28511082
Queen,WB,13-Oct-17,Weekday,AMSH,8.779108513
Queen,WB,30-Oct-17,Weekday,AMSH,8.340447293
Queen,WB,31-Oct-17,Weekday,AMSH,9.830274911
Queen,WB,01-Nov-17,Weekday,AMSH,10.5071411
Queen,WB,02-Nov-17,Weekday,AMSH,13.60936696
Queen,WB,03-Nov-17,Weekday,AMSH,13.18517582
Queen,WB,06-Nov-17,Weekday,AMSH,12.35784313
Queen,WB,07-Nov-17,Weekday,AMSH,11.42244904
Queen,WB,08-Nov-17,Weekday,AMSH,8.618365905
Queen,WB,09-Nov-17,Weekday,AMSH,12.40314175
Queen,WB,10-Nov-17,Weekday,AMSH,10.39290759
Queen,WB,13-Nov-17,Weekday,AMSH,11.5156974
Queen,WB,14-Nov-17,Weekday,AMSH,10.42768432
Queen,WB,15-Nov-17,Weekday,AMSH,12.86938752
Queen,WB,16-Nov-17,Weekday,AMSH,15.19480951
Queen,WB,17-Nov-17,Weekday,AMSH,10.85731011
Queen,WB,20-Nov-17,Weekday,AMSH,11.88027009
Queen,WB,21-Nov-17,Weekday,AMSH,16.26286777
Queen,WB,22-Nov-17,Weekday,AMSH,12.75824409
Queen,WB,23-Nov-17,Weekday,AMSH,14.58271119
Queen,WB,24-Nov-17,Weekday,AMSH,10.12865849
Queen,WB,27-Nov-17,Weekday,AMSH,14.18886055
Queen,WB,28-Nov-17,Weekday,AMSH,12.52726391
Queen,WB,29-Nov-17,Weekday,AMSH,16.07749253
Queen,WB,30-Nov-17,Weekday,AMSH,12.06437031
Queen,WB,01-Dec-17,Weekday,AMSH,11.24996814
Richmond,WB,02-Oct-17,Weekday,AMSH,13.35779026
Richmond,WB,03-Oct-17,Weekday,AMSH,8.455253194
Richmond,WB,04-Oct-17,Weekday,AMSH,11.11313487
Richmond,WB,05-Oct-17,Weekday,AMSH,9.955746941
Richmond,WB,06-Oct-17,Weekday,AMSH,11.16508944
Richmond,WB,10-Oct-17,Weekday,AMSH,11.73818912
Richmond,WB,11-Oct-17,Weekday,AMSH,9.507768141
Richmond,WB,12-Oct-17,Weekday,AMSH,8.931416653
Richmond,WB,13-Oct-17,Weekday,AMSH,8.512972268
Richmond,WB,30-Oct-17,Weekday,AMSH,12.10884422
Richmond,WB,31-Oct-17,Weekday,AMSH,8.026071265
Richmond,WB,01-Nov-17,Weekday,AMSH,11.36322738
Richmond,WB,02-Nov-17,Weekday,AMSH,9.081151504
Richmond,WB,03-Nov-17,Weekday,AMSH,12.71786709
Richmond,WB,06-Nov-17,Weekday,AMSH,13.76239524
Richmond,WB,07-Nov-17,Weekday,AMSH,11.5092563
Richmond,WB,08-Nov-17,Weekday,AMSH,13.21564986
Richmond,WB,09-Nov-17,Weekday,AMSH,12.56448643
Richmond,WB,10-Nov-17,Weekday,AMSH,10.0148379
Richmond,WB,13-Nov-17,Weekday,AMSH,16.89410763
Richmond,WB,14-Nov-17,Weekday,AMSH,10.35249874
Richmond,WB,15-Nov-17,Weekday,AMSH,16.61906013
Richmond,WB,16-Nov-17,Weekday,AMSH,14.53001191
Richmond,WB,17-Nov-17,Weekday,AMSH,15.5437822
Richmond,WB,20-Nov-17,Weekday,AMSH,15.43346904
Richmond,WB,21-Nov-17,Weekday,AMSH,16.61677153
Richmond,WB,22-Nov-17,Weekday,AMSH,13.80552916
Richmond,WB,23-Nov-17,Weekday,AMSH,12.17897451
Richmond,WB,24-Nov-17,Weekday,AMSH,11.65023309
Richmond,WB,27-Nov-17,Weekday,AMSH,16.15247987
Richmond,WB,28-Nov-17,Weekday,AMSH,10.40216731
Richmond,WB,29-Nov-17,Weekday,AMSH,13.07786806
Richmond,WB,30-Nov-17,Weekday,AMSH,16.31344153
Richmond,WB,01-Dec-17,Weekday,AMSH,13.20002856
Wellington,WB,02-Oct-17,Weekday,AMSH,9.239462861
Wellington,WB,03-Oct-17,Weekday,AMSH,10.50089836
Wellington,WB,04-Oct-17,Weekday,AMSH,9.752192919
Wellington,WB,05-Oct-17,Weekday,AMSH,11.8304569
Wellington,WB,06-Oct-17,Weekday,AMSH,11.05334985
Wellington,WB,10-Oct-17,Weekday,AMSH,11.92758967
Wellington,WB,11-Oct-17,Weekday,AMSH,9.500282728
Wellington,WB,12-Oct-17,Weekday,AMSH,10.37826249
Wellington,WB,13-Oct-17,Weekday,AMSH,8.072267314
Wellington,WB,30-Oct-17,Weekday,AMSH,11.82415314
Wellington,WB,31-Oct-17,Weekday,AMSH,12.87525593
Wellington,WB,01-Nov-17,Weekday,AMSH,12.1127237
Wellington,WB,02-Nov-17,Weekday,AMSH,10.84581807
Wellington,WB,03-Nov-17,Weekday,AMSH,10.5879242
Wellington,WB,06-Nov-17,Weekday,AMSH,11.96422683
Wellington,WB,07-Nov-17,Weekday,AMSH,13.32615337
Wellington,WB,08-Nov-17,Weekday,AMSH,13.20860249
Wellington,WB,09-Nov-17,Weekday,AMSH,9.282164663
Wellington,WB,10-Nov-17,Weekday,AMSH,12.53685715
Wellington,WB,13-Nov-17,Weekday,AMSH,13.02888075
Wellington,WB,14-Nov-17,Weekday,AMSH,11.67359788
Wellington,WB,15-Nov-17,Weekday,AMSH,10.40812351
Wellington,WB,16-Nov-17,Weekday,AMSH,11.98153144
Wellington,WB,17-Nov-17,Weekday,AMSH,14.44776267
Wellington,WB,20-Nov-17,Weekday,AMSH,14.74033958
Wellington,WB,21-Nov-17,Weekday,AMSH,12.71441961
Wellington,WB,22-Nov-17,Weekday,AMSH,16.44702943
Wellington,WB,23-Nov-17,Weekday,AMSH,15.54009645
Wellington,WB,24-Nov-17,Weekday,AMSH,10.94519361
Wellington,WB,27-Nov-17,Weekday,AMSH,15.12847645
Wellington,WB,28-Nov-17,Weekday,AMSH,14.02836738
Wellington,WB,29-Nov-17,Weekday,AMSH,15.40145705
Wellington,WB,30-Nov-17,Weekday,AMSH,12.0238046
Wellington,WB,01-Dec-17,Weekday,AMSH,16.00371871
Adelaide,EB,02-Oct-17,Weekday,PMPK,13.81217199
Adelaide,EB,03-Oct-17,Weekday,PMPK,12.43049695
Adelaide,EB,04-Oct-17,Weekday,PMPK,13.07914628
Adelaide,EB,05-Oct-17,Weekday,PMPK,15.00788257
Adelaide,EB,06-Oct-17,Weekday,PMPK,11.58122206
Adelaide,EB,10-Oct-17,Weekday,PMPK,13.21125771
Adelaide,EB,11-Oct-17,Weekday,PMPK,9.383128909
Adelaide,EB,12-Oct-17,Weekday,PMPK,13.22695775
Adelaide,EB,13-Oct-17,Weekday,PMPK,14.42147885
Adelaide,EB,30-Oct-17,Weekday,PMPK,16.84709572
Adelaide,EB,31-Oct-17,Weekday,PMPK,15.67792051
Adelaide,EB,01-Nov-17,Weekday,PMPK,15.14774766
Adelaide,EB,02-Nov-17,Weekday,PMPK,14.94597242
Adelaide,EB,03-Nov-17,Weekday,PMPK,12.76206952
Adelaide,EB,06-Nov-17,Weekday,PMPK,14.20474582
Adelaide,EB,07-Nov-17,Weekday,PMPK,16.03696894
Adelaide,EB,08-Nov-17,Weekday,PMPK,12.84489355
Adelaide,EB,09-Nov-17,Weekday,PMPK,9.971649959
Adelaide,EB,10-Nov-17,Weekday,PMPK,14.64085392
Adelaide,EB,13-Nov-17,Weekday,PMPK,16.74813253
Adelaide,EB,14-Nov-17,Weekday,PMPK,19.00839149
Adelaide,EB,15-Nov-17,Weekday,PMPK,19.73281238
Adelaide,EB,16-Nov-17,Weekday,PMPK,19.26827287
Adelaide,EB,17-Nov-17,Weekday,PMPK,16.70466893
Adelaide,EB,20-Nov-17,Weekday,PMPK,17.79152686
Adelaide,EB,21-Nov-17,Weekday,PMPK,15.56948509
Adelaide,EB,22-Nov-17,Weekday,PMPK,17.88971486
Adelaide,EB,23-Nov-17,Weekday,PMPK,17.69886906
Adelaide,EB,24-Nov-17,Weekday,PMPK,13.34951237
Adelaide,EB,27-Nov-17,Weekday,PMPK,16.56271463
Adelaide,EB,28-Nov-17,Weekday,PMPK,18.8833619
Adelaide,EB,29-Nov-17,Weekday,PMPK,11.2432263
Adelaide,EB,30-Nov-17,Weekday,PMPK,17.18763115
Adelaide,EB,01-Dec-17,Weekday,PMPK,13.74456724
Dundas,EB,02-Oct-17,Weekday,PMPK,12.02670071
Dundas,EB,03-Oct-17,Weekday,PMPK,12.33066029
Dundas,EB,04-Oct-17,Weekday,PMPK,14.95580541
Dundas,EB,05-Oct-17,Weekday,PMPK,15.33146277
Dundas,EB,06-Oct-17,Weekday,PMPK,17.34572668
Dundas,EB,10-Oct-17,Weekday,PMPK,9.153029033
Dundas,EB,11-Oct-17,Weekday,PMPK,12.10283247
Dundas,EB,12-Oct-17,Weekday,PMPK,16.9146025
Dundas,EB,13-Oct-17,Weekday,PMPK,11.16142768
Dundas,EB,30-Oct-17,Weekday,PMPK,16.90901949
Dundas,EB,31-Oct-17,Weekday,PMPK,15.98590871
Dundas,EB,01-Nov-17,Weekday,PMPK,14.29902147
Dundas,EB,02-Nov-17,Weekday,PMPK,11.08887051
Dundas,EB,03-Nov-17,Weekday,PMPK,10.58521163
Dundas,EB,06-Nov-17,Weekday,PMPK,13.41542784
Dundas,EB,07-Nov-17,Weekday,PMPK,15.60883357
Dundas,EB,08-Nov-17,Weekday,PMPK,12.7590338
Dundas,EB,09-Nov-17,Weekday,PMPK,16.15877735
Dundas,EB,10-Nov-17,Weekday,PMPK,11.04874417
Dundas,EB,13-Nov-17,Weekday,PMPK,16.77263088
Dundas,EB,14-Nov-17,Weekday,PMPK,19.62717306
Dundas,EB,15-Nov-17,Weekday,PMPK,17.53152155
Dundas,EB,16-Nov-17,Weekday,PMPK,15.36596708
Dundas,EB,17-Nov-17,Weekday,PMPK,13.17417843
Dundas,EB,20-Nov-17,Weekday,PMPK,12.48320839
Dundas,EB,21-Nov-17,Weekday,PMPK,12.85820614
Dundas,EB,22-Nov-17,Weekday,PMPK,17.20550254
Dundas,EB,23-Nov-17,Weekday,PMPK,15.27831923
Dundas,EB,24-Nov-17,Weekday,PMPK,17.20180746
Dundas,EB,27-Nov-17,Weekday,PMPK,17.56435419
Dundas,EB,28-Nov-17,Weekday,PMPK,16.53979564
Dundas,EB,29-Nov-17,Weekday,PMPK,17.80270804
Dundas,EB,30-Nov-17,Weekday,PMPK,13.0273482
Dundas,EB,01-Dec-17,Weekday,PMPK,18.37895128
Dundas,WB,02-Oct-17,Weekday,PMPK,17.01056118
Dundas,WB,03-Oct-17,Weekday,PMPK,16.7475345
Dundas,WB,04-Oct-17,Weekday,PMPK,16.33185324
Dundas,WB,05-Oct-17,Weekday,PMPK,21.58125768
Dundas,WB,06-Oct-17,Weekday,PMPK,16.58554031
Dundas,WB,10-Oct-17,Weekday,PMPK,20.72679218
Dundas,WB,11-Oct-17,Weekday,PMPK,16.96622632
Dundas,WB,12-Oct-17,Weekday,PMPK,22.51184862
Dundas,WB,13-Oct-17,Weekday,PMPK,24.79816401
Dundas,WB,30-Oct-17,Weekday,PMPK,18.41896022
Dundas,WB,31-Oct-17,Weekday,PMPK,19.60635788
Dundas,WB,01-Nov-17,Weekday,PMPK,15.04116934
Dundas,WB,02-Nov-17,Weekday,PMPK,14.12111417
Dundas,WB,03-Nov-17,Weekday,PMPK,13.4407753
Dundas,WB,06-Nov-17,Weekday,PMPK,12.65118986
Dundas,WB,07-Nov-17,Weekday,PMPK,16.74474895
Dundas,WB,08-Nov-17,Weekday,PMPK,19.33892459
Dundas,WB,09-Nov-17,Weekday,PMPK,21.9776024
Dundas,WB,10-Nov-17,Weekday,PMPK,19.03764528
Dundas,WB,13-Nov-17,Weekday,PMPK,18.25680224
Dundas,WB,14-Nov-17,Weekday,PMPK,21.57050976
Dundas,WB,15-Nov-17,Weekday,PMPK,20.27348829
Dundas,WB,16-Nov-17,Weekday,PMPK,24.75095595
Dundas,WB,17-Nov-17,Weekday,PMPK,21.95197302
Dundas,WB,20-Nov-17,Weekday,PMPK,19.89528023
Dundas,WB,21-Nov-17,Weekday,PMPK,23.29324623
Dundas,WB,22-Nov-17,Weekday,PMPK,23.88220991
Dundas,WB,23-Nov-17,Weekday,PMPK,19.11257602
Dundas,WB,24-Nov-17,Weekday,PMPK,23.73603749
Dundas,WB,27-Nov-17,Weekday,PMPK,15.01835099
Dundas,WB,28-Nov-17,Weekday,PMPK,18.65629626
Dundas,WB,29-Nov-17,Weekday,PMPK,19.08361427
Dundas,WB,30-Nov-17,Weekday,PMPK,18.59876652
Dundas,WB,01-Dec-17,Weekday,PMPK,19.86102715
Front,EB,02-Oct-17,Weekday,PMPK,10.25923701
Front,EB,03-Oct-17,Weekday,PMPK,12.16755125
Front,EB,04-Oct-17,Weekday,PMPK,15.82773938
Front,EB,05-Oct-17,Weekday,PMPK,10.90112133
Front,EB,06-Oct-17,Weekday,PMPK,11.34935574
Front,EB,10-Oct-17,Weekday,PMPK,15.56947768
Front,EB,11-Oct-17,Weekday,PMPK,12.88909618
Front,EB,12-Oct-17,Weekday,PMPK,12.92763253
Front,EB,13-Oct-17,Weekday,PMPK,10.00000021
Front,EB,30-Oct-17,Weekday,PMPK,13.76631695
Front,EB,31-Oct-17,Weekday,PMPK,15.96857886
Front,EB,01-Nov-17,Weekday,PMPK,12.55254549
Front,EB,02-Nov-17,Weekday,PMPK,13.04435618
Front,EB,03-Nov-17,Weekday,PMPK,12.33553071
Front,EB,06-Nov-17,Weekday,PMPK,14.95188553
Front,EB,07-Nov-17,Weekday,PMPK,11.30821591
Front,EB,08-Nov-17,Weekday,PMPK,12.83049924
Front,EB,09-Nov-17,Weekday,PMPK,13.11370881
Front,EB,10-Nov-17,Weekday,PMPK,11.99440424
Front,EB,13-Nov-17,Weekday,PMPK,18.69432015
Front,EB,14-Nov-17,Weekday,PMPK,17.41856863
Front,EB,15-Nov-17,Weekday,PMPK,19.80443816
Front,EB,16-Nov-17,Weekday,PMPK,15.49936085
Front,EB,17-Nov-17,Weekday,PMPK,17.26263423
Front,EB,20-Nov-17,Weekday,PMPK,15.30562188
Front,EB,21-Nov-17,Weekday,PMPK,11.36717298
Front,EB,22-Nov-17,Weekday,PMPK,19.34588947
Front,EB,23-Nov-17,Weekday,PMPK,19.56349304
Front,EB,24-Nov-17,Weekday,PMPK,18.12299608
Front,EB,27-Nov-17,Weekday,PMPK,18.81159789
Front,EB,28-Nov-17,Weekday,PMPK,18.16780334
Front,EB,29-Nov-17,Weekday,PMPK,17.4519802
Front,EB,30-Nov-17,Weekday,PMPK,16.21427137
Front,EB,01-Dec-17,Weekday,PMPK,16.9580056
Front,WB,02-Oct-17,Weekday,PMPK,12.89506301
Front,WB,03-Oct-17,Weekday,PMPK,16.07561476
Front,WB,04-Oct-17,Weekday,PMPK,18.50417652
Front,WB,05-Oct-17,Weekday,PMPK,16.87388567
Front,WB,06-Oct-17,Weekday,PMPK,18.66838473
Front,WB,10-Oct-17,Weekday,PMPK,23.43935238
Front,WB,11-Oct-17,Weekday,PMPK,14.63008074
Front,WB,12-Oct-17,Weekday,PMPK,16.52891785
Front,WB,13-Oct-17,Weekday,PMPK,14.80686957
Front,WB,30-Oct-17,Weekday,PMPK,17.4209349
Front,WB,31-Oct-17,Weekday,PMPK,19.69860167
Front,WB,01-Nov-17,Weekday,PMPK,18.5047954
Front,WB,02-Nov-17,Weekday,PMPK,16.754015
Front,WB,03-Nov-17,Weekday,PMPK,19.99702672
Front,WB,06-Nov-17,Weekday,PMPK,16.26657928
Front,WB,07-Nov-17,Weekday,PMPK,14.5238292
Front,WB,08-Nov-17,Weekday,PMPK,16.41652143
Front,WB,09-Nov-17,Weekday,PMPK,16.22970017
Front,WB,10-Nov-17,Weekday,PMPK,13.535884
Front,WB,13-Nov-17,Weekday,PMPK,20.75771425
Front,WB,14-Nov-17,Weekday,PMPK,17.89806067
Front,WB,15-Nov-17,Weekday,PMPK,24.52092822
Front,WB,16-Nov-17,Weekday,PMPK,22.97881558
Front,WB,17-Nov-17,Weekday,PMPK,21.38123409
Front,WB,20-Nov-17,Weekday,PMPK,22.39054642
Front,WB,21-Nov-17,Weekday,PMPK,15.93067794
Front,WB,22-Nov-17,Weekday,PMPK,21.85855135
Front,WB,23-Nov-17,Weekday,PMPK,22.01191081
Front,WB,24-Nov-17,Weekday,PMPK,18.82209974
Front,WB,27-Nov-17,Weekday,PMPK,22.74152877
Front,WB,28-Nov-17,Weekday,PMPK,21.18560249
Front,WB,29-Nov-17,Weekday,PMPK,22.07297255
Front,WB,30-Nov-17,Weekday,PMPK,20.87433799
Front,WB,01-Dec-17,Weekday,PMPK,23.17400707
Queen,EB,02-Oct-17,Weekday,PMPK,10.54199059
Queen,EB,03-Oct-17,Weekday,PMPK,13.87234787
Queen,EB,04-Oct-17,Weekday,PMPK,15.90386311
Queen,EB,05-Oct-17,Weekday,PMPK,13.40162562
Queen,EB,06-Oct-17,Weekday,PMPK,14.1465126
Queen,EB,10-Oct-17,Weekday,PMPK,15.94713911
Queen,EB,11-Oct-17,Weekday,PMPK,13.91223574
Queen,EB,12-Oct-17,Weekday,PMPK,13.43470234
Queen,EB,13-Oct-17,Weekday,PMPK,13.74822851
Queen,EB,30-Oct-17,Weekday,PMPK,9.205224178
Queen,EB,31-Oct-17,Weekday,PMPK,12.22129468
Queen,EB,01-Nov-17,Weekday,PMPK,11.46491482
Queen,EB,02-Nov-17,Weekday,PMPK,12.53520281
Queen,EB,03-Nov-17,Weekday,PMPK,16.51189561
Queen,EB,06-Nov-17,Weekday,PMPK,12.80771664
Queen,EB,07-Nov-17,Weekday,PMPK,14.45973283
Queen,EB,08-Nov-17,Weekday,PMPK,15.72569414
Queen,EB,09-Nov-17,Weekday,PMPK,12.36477662
Queen,EB,10-Nov-17,Weekday,PMPK,12.05603214
Queen,EB,13-Nov-17,Weekday,PMPK,19.06325748
Queen,EB,14-Nov-17,Weekday,PMPK,13.4529999
Queen,EB,15-Nov-17,Weekday,PMPK,18.24499805
Queen,EB,16-Nov-17,Weekday,PMPK,13.27500199
Queen,EB,17-Nov-17,Weekday,PMPK,12.54523843
Queen,EB,20-Nov-17,Weekday,PMPK,20.88428017
Queen,EB,21-Nov-17,Weekday,PMPK,20.9407527
Queen,EB,22-Nov-17,Weekday,PMPK,16.36415082
Queen,EB,23-Nov-17,Weekday,PMPK,14.75012023
Queen,EB,24-Nov-17,Weekday,PMPK,19.32813278
Queen,EB,27-Nov-17,Weekday,PMPK,20.44314937
Queen,EB,28-Nov-17,Weekday,PMPK,14.57020356
Queen,EB,29-Nov-17,Weekday,PMPK,19.94183142
Queen,EB,30-Nov-17,Weekday,PMPK,17.82317685
Queen,EB,01-Dec-17,Weekday,PMPK,19.10261308
Queen,WB,02-Oct-17,Weekday,PMPK,20.2244034
Queen,WB,03-Oct-17,Weekday,PMPK,20.84934886
Queen,WB,04-Oct-17,Weekday,PMPK,19.32615955
Queen,WB,05-Oct-17,Weekday,PMPK,20.61605024
Queen,WB,06-Oct-17,Weekday,PMPK,20.85310028
Queen,WB,10-Oct-17,Weekday,PMPK,17.85359498
Queen,WB,11-Oct-17,Weekday,PMPK,15.95385353
Queen,WB,12-Oct-17,Weekday,PMPK,20.02656204
Queen,WB,13-Oct-17,Weekday,PMPK,19.60660636
Queen,WB,30-Oct-17,Weekday,PMPK,17.95351199
Queen,WB,31-Oct-17,Weekday,PMPK,17.18866255
Queen,WB,01-Nov-17,Weekday,PMPK,17.33857178
Queen,WB,02-Nov-17,Weekday,PMPK,19.15520192
Queen,WB,03-Nov-17,Weekday,PMPK,13.29532262
Queen,WB,06-Nov-17,Weekday,PMPK,15.12954562
Queen,WB,07-Nov-17,Weekday,PMPK,13.39332738
Queen,WB,08-Nov-17,Weekday,PMPK,18.50678749
Queen,WB,09-Nov-17,Weekday,PMPK,14.22154203
Queen,WB,10-Nov-17,Weekday,PMPK,15.21465495
Queen,WB,13-Nov-17,Weekday,PMPK,21.15527623
Queen,WB,14-Nov-17,Weekday,PMPK,21.53215202
Queen,WB,15-Nov-17,Weekday,PMPK,20.52479319
Queen,WB,16-Nov-17,Weekday,PMPK,24.75223427
Queen,WB,17-Nov-17,Weekday,PMPK,18.55848443
Queen,WB,20-Nov-17,Weekday,PMPK,21.58984913
Queen,WB,21-Nov-17,Weekday,PMPK,19.75012519
Queen,WB,22-Nov-17,Weekday,PMPK,22.05280951
Queen,WB,23-Nov-17,Weekday,PMPK,20.82002068
Queen,WB,24-Nov-17,Weekday,PMPK,23.99578427
Queen,WB,27-Nov-17,Weekday,PMPK,21.66002108
Queen,WB,28-Nov-17,Weekday,PMPK,21.30659699
Queen,WB,29-Nov-17,Weekday,PMPK,20.08071921
Queen,WB,30-Nov-17,Weekday,PMPK,22.15797194
Queen,WB,01-Dec-17,Weekday,PMPK,19.22879982
Richmond,WB,02-Oct-17,Weekday,PMPK,22.64667549
Richmond,WB,03-Oct-17,Weekday,PMPK,14.50298709
Richmond,WB,04-Oct-17,Weekday,PMPK,15.13850439
Richmond,WB,05-Oct-17,Weekday,PMPK,16.21864995
Richmond,WB,06-Oct-17,Weekday,PMPK,13.96084699
Richmond,WB,10-Oct-17,Weekday,PMPK,14.485128
Richmond,WB,11-Oct-17,Weekday,PMPK,17.3799939
Richmond,WB,12-Oct-17,Weekday,PMPK,15.29468911
Richmond,WB,13-Oct-17,Weekday,PMPK,17.7738728
Richmond,WB,30-Oct-17,Weekday,PMPK,20.389821
Richmond,WB,31-Oct-17,Weekday,PMPK,17.44666718
Richmond,WB,01-Nov-17,Weekday,PMPK,21.03501245
Richmond,WB,02-Nov-17,Weekday,PMPK,18.3009047
Richmond,WB,03-Nov-17,Weekday,PMPK,16.50869998
Richmond,WB,06-Nov-17,Weekday,PMPK,15.36497106
Richmond,WB,07-Nov-17,Weekday,PMPK,18.74691084
Richmond,WB,08-Nov-17,Weekday,PMPK,19.20319861
Richmond,WB,09-Nov-17,Weekday,PMPK,13.98266926
Richmond,WB,10-Nov-17,Weekday,PMPK,15.94269114
Richmond,WB,13-Nov-17,Weekday,PMPK,19.43542486
Richmond,WB,14-Nov-17,Weekday,PMPK,17.64764969
Richmond,WB,15-Nov-17,Weekday,PMPK,20.88638658
Richmond,WB,16-Nov-17,Weekday,PMPK,15.44633831
Richmond,WB,17-Nov-17,Weekday,PMPK,24.51474207
Richmond,WB,20-Nov-17,Weekday,PMPK,24.41307729
Richmond,WB,21-Nov-17,Weekday,PMPK,19.47751004
Richmond,WB,22-Nov-17,Weekday,PMPK,25.6962843
Richmond,WB,23-Nov-17,Weekday,PMPK,21.49001495
Richmond,WB,24-Nov-17,Weekday,PMPK,14.02076909
Richmond,WB,27-Nov-17,Weekday,PMPK,22.41197583
Richmond,WB,28-Nov-17,Weekday,PMPK,17.71146029
Richmond,WB,29-Nov-17,Weekday,PMPK,18.06458337
Richmond,WB,30-Nov-17,Weekday,PMPK,14.39609092
Richmond,WB,01-Dec-17,Weekday,PMPK,18.81526044
Wellington,WB,02-Oct-17,Weekday,PMPK,18.51138858
Wellington,WB,03-Oct-17,Weekday,PMPK,17.91160648
Wellington,WB,04-Oct-17,Weekday,PMPK,20.46229843
Wellington,WB,05-Oct-17,Weekday,PMPK,21.48117254
Wellington,WB,06-Oct-17,Weekday,PMPK,19.33431334
Wellington,WB,10-Oct-17,Weekday,PMPK,14.83057545
Wellington,WB,11-Oct-17,Weekday,PMPK,19.66566949
Wellington,WB,12-Oct-17,Weekday,PMPK,20.52848383
Wellington,WB,13-Oct-17,Weekday,PMPK,17.43660909
Wellington,WB,30-Oct-17,Weekday,PMPK,21.68757272
Wellington,WB,31-Oct-17,Weekday,PMPK,21.8041419
Wellington,WB,01-Nov-17,Weekday,PMPK,17.17153952
Wellington,WB,02-Nov-17,Weekday,PMPK,14.6709486
Wellington,WB,03-Nov-17,Weekday,PMPK,16.62256565
Wellington,WB,06-Nov-17,Weekday,PMPK,22.56977287
Wellington,WB,07-Nov-17,Weekday,PMPK,19.83424255
Wellington,WB,08-Nov-17,Weekday,PMPK,19.95135576
Wellington,WB,09-Nov-17,Weekday,PMPK,18.61751776
Wellington,WB,10-Nov-17,Weekday,PMPK,21.63980566
Wellington,WB,13-Nov-17,Weekday,PMPK,20.5889208
Wellington,WB,14-Nov-17,Weekday,PMPK,21.88859462
Wellington,WB,15-Nov-17,Weekday,PMPK,21.37138789
Wellington,WB,16-Nov-17,Weekday,PMPK,22.58742408
Wellington,WB,17-Nov-17,Weekday,PMPK,24.35540571
Wellington,WB,20-Nov-17,Weekday,PMPK,23.35503151
Wellington,WB,21-Nov-17,Weekday,PMPK,19.0138509
Wellington,WB,22-Nov-17,Weekday,PMPK,15.54899201
Wellington,WB,23-Nov-17,Weekday,PMPK,25.48624705
Wellington,WB,24-Nov-17,Weekday,PMPK,23.80733326
Wellington,WB,27-Nov-17,Weekday,PMPK,20.62547167
Wellington,WB,28-Nov-17,Weekday,PMPK,16.09126466
Wellington,WB,29-Nov-17,Weekday,PMPK,26.0530064
Wellington,WB,30-Nov-17,Weekday,PMPK,21.14112912
Wellington,WB,01-Dec-17,Weekday,PMPK,20.18983356
Adelaide,EB,02-Oct-17,Weekday,PMSH,10.80461845
Adelaide,EB,03-Oct-17,Weekday,PMSH,11.8009995
Adelaide,EB,04-Oct-17,Weekday,PMSH,13.62529843
Adelaide,EB,05-Oct-17,Weekday,PMSH,12.11224121
Adelaide,EB,06-Oct-17,Weekday,PMSH,8.931497618
Adelaide,EB,10-Oct-17,Weekday,PMSH,13.38486599
Adelaide,EB,11-Oct-17,Weekday,PMSH,13.20097086
Adelaide,EB,12-Oct-17,Weekday,PMSH,11.99276201
Adelaide,EB,13-Oct-17,Weekday,PMSH,9.866746069
Adelaide,EB,30-Oct-17,Weekday,PMSH,8.348860397
Adelaide,EB,31-Oct-17,Weekday,PMSH,10.08908979
Adelaide,EB,01-Nov-17,Weekday,PMSH,13.65165231
Adelaide,EB,02-Nov-17,Weekday,PMSH,9.966985658
Adelaide,EB,03-Nov-17,Weekday,PMSH,8.628037607
Adelaide,EB,06-Nov-17,Weekday,PMSH,12.41998236
Adelaide,EB,07-Nov-17,Weekday,PMSH,11.83480386
Adelaide,EB,08-Nov-17,Weekday,PMSH,13.07535084
Adelaide,EB,09-Nov-17,Weekday,PMSH,13.90513047
Adelaide,EB,10-Nov-17,Weekday,PMSH,13.54624095
Adelaide,EB,13-Nov-17,Weekday,PMSH,16.60815619
Adelaide,EB,14-Nov-17,Weekday,PMSH,12.22911867
Adelaide,EB,15-Nov-17,Weekday,PMSH,14.52337024
Adelaide,EB,16-Nov-17,Weekday,PMSH,12.05739666
Adelaide,EB,17-Nov-17,Weekday,PMSH,16.77181882
Adelaide,EB,20-Nov-17,Weekday,PMSH,14.09346235
Adelaide,EB,21-Nov-17,Weekday,PMSH,14.51819529
Adelaide,EB,22-Nov-17,Weekday,PMSH,14.38942731
Adelaide,EB,23-Nov-17,Weekday,PMSH,16.45975509
Adelaide,EB,24-Nov-17,Weekday,PMSH,14.67930726
Adelaide,EB,27-Nov-17,Weekday,PMSH,11.17923258
Adelaide,EB,28-Nov-17,Weekday,PMSH,16.65321653
Adelaide,EB,29-Nov-17,Weekday,PMSH,15.2989895
Adelaide,EB,30-Nov-17,Weekday,PMSH,10.25292056
Adelaide,EB,01-Dec-17,Weekday,PMSH,12.52221721
Dundas,EB,02-Oct-17,Weekday,PMSH,8.258467235
Dundas,EB,03-Oct-17,Weekday,PMSH,10.34562727
Dundas,EB,04-Oct-17,Weekday,PMSH,13.20288129
Dundas,EB,05-Oct-17,Weekday,PMSH,9.146021603
Dundas,EB,06-Oct-17,Weekday,PMSH,9.46473439
Dundas,EB,10-Oct-17,Weekday,PMSH,13.39294295
Dundas,EB,11-Oct-17,Weekday,PMSH,9.376805877
Dundas,EB,12-Oct-17,Weekday,PMSH,12.63350493
Dundas,EB,13-Oct-17,Weekday,PMSH,11.47222713
Dundas,EB,30-Oct-17,Weekday,PMSH,12.46009924
Dundas,EB,31-Oct-17,Weekday,PMSH,12.81713826
Dundas,EB,01-Nov-17,Weekday,PMSH,9.113088557
Dundas,EB,02-Nov-17,Weekday,PMSH,9.17734687
Dundas,EB,03-Nov-17,Weekday,PMSH,10.03993897
Dundas,EB,06-Nov-17,Weekday,PMSH,13.2808863
Dundas,EB,07-Nov-17,Weekday,PMSH,8.001917584
Dundas,EB,08-Nov-17,Weekday,PMSH,10.4560249
Dundas,EB,09-Nov-17,Weekday,PMSH,13.2648048
Dundas,EB,10-Nov-17,Weekday,PMSH,8.007828382
Dundas,EB,13-Nov-17,Weekday,PMSH,10.53087747
Dundas,EB,14-Nov-17,Weekday,PMSH,15.19269013
Dundas,EB,15-Nov-17,Weekday,PMSH,10.50257561
Dundas,EB,16-Nov-17,Weekday,PMSH,14.63495485
Dundas,EB,17-Nov-17,Weekday,PMSH,12.43530995
Dundas,EB,20-Nov-17,Weekday,PMSH,11.39526924
Dundas,EB,21-Nov-17,Weekday,PMSH,15.98405959
Dundas,EB,22-Nov-17,Weekday,PMSH,16.7296597
Dundas,EB,23-Nov-17,Weekday,PMSH,12.446694
Dundas,EB,24-Nov-17,Weekday,PMSH,13.73552477
Dundas,EB,27-Nov-17,Weekday,PMSH,16.13757643
Dundas,EB,28-Nov-17,Weekday,PMSH,12.68144288
Dundas,EB,29-Nov-17,Weekday,PMSH,15.28671579
Dundas,EB,30-Nov-17,Weekday,PMSH,12.08834078
Dundas,EB,01-Dec-17,Weekday,PMSH,11.53137913
Dundas,WB,02-Oct-17,Weekday,PMSH,12.48246743
Dundas,WB,03-Oct-17,Weekday,PMSH,8.563564208
Dundas,WB,04-Oct-17,Weekday,PMSH,12.33010877
Dundas,WB,05-Oct-17,Weekday,PMSH,9.064530264
Dundas,WB,06-Oct-17,Weekday,PMSH,13.67543266
Dundas,WB,10-Oct-17,Weekday,PMSH,10.86040117
Dundas,WB,11-Oct-17,Weekday,PMSH,10.96393796
Dundas,WB,12-Oct-17,Weekday,PMSH,9.291428887
Dundas,WB,13-Oct-17,Weekday,PMSH,10.49180342
Dundas,WB,30-Oct-17,Weekday,PMSH,11.13724195
Dundas,WB,31-Oct-17,Weekday,PMSH,9.650650182
Dundas,WB,01-Nov-17,Weekday,PMSH,11.91451706
Dundas,WB,02-Nov-17,Weekday,PMSH,10.45265737
Dundas,WB,03-Nov-17,Weekday,PMSH,12.57414939
Dundas,WB,06-Nov-17,Weekday,PMSH,12.1433143
Dundas,WB,07-Nov-17,Weekday,PMSH,13.02043414
Dundas,WB,08-Nov-17,Weekday,PMSH,8.88416811
Dundas,WB,09-Nov-17,Weekday,PMSH,11.22931563
Dundas,WB,10-Nov-17,Weekday,PMSH,12.82302062
Dundas,WB,13-Nov-17,Weekday,PMSH,11.07737658
Dundas,WB,14-Nov-17,Weekday,PMSH,15.97227992
Dundas,WB,15-Nov-17,Weekday,PMSH,13.1206409
Dundas,WB,16-Nov-17,Weekday,PMSH,11.71172147
Dundas,WB,17-Nov-17,Weekday,PMSH,14.77860958
Dundas,WB,20-Nov-17,Weekday,PMSH,11.99639497
Dundas,WB,21-Nov-17,Weekday,PMSH,16.14734326
Dundas,WB,22-Nov-17,Weekday,PMSH,14.30881179
Dundas,WB,23-Nov-17,Weekday,PMSH,13.93381326
Dundas,WB,24-Nov-17,Weekday,PMSH,14.74746536
Dundas,WB,27-Nov-17,Weekday,PMSH,14.63977944
Dundas,WB,28-Nov-17,Weekday,PMSH,15.60033689
Dundas,WB,29-Nov-17,Weekday,PMSH,16.12374366
Dundas,WB,30-Nov-17,Weekday,PMSH,10.5455815
Dundas,WB,01-Dec-17,Weekday,PMSH,13.92857366
Front,EB,02-Oct-17,Weekday,PMSH,8.688244831
Front,EB,03-Oct-17,Weekday,PMSH,9.550439251
Front,EB,04-Oct-17,Weekday,PMSH,12.88439903
Front,EB,05-Oct-17,Weekday,PMSH,11.36989419
Front,EB,06-Oct-17,Weekday,PMSH,11.77696755
Front,EB,10-Oct-17,Weekday,PMSH,12.60434263
Front,EB,11-Oct-17,Weekday,PMSH,12.27564697
Front,EB,12-Oct-17,Weekday,PMSH,10.19099012
Front,EB,13-Oct-17,Weekday,PMSH,9.534494591
Front,EB,30-Oct-17,Weekday,PMSH,9.441366842
Front,EB,31-Oct-17,Weekday,PMSH,13.28318064
Front,EB,01-Nov-17,Weekday,PMSH,8.405913895
Front,EB,02-Nov-17,Weekday,PMSH,13.39917381
Front,EB,03-Nov-17,Weekday,PMSH,10.95112935
Front,EB,06-Nov-17,Weekday,PMSH,8.489681528
Front,EB,07-Nov-17,Weekday,PMSH,11.16554871
Front,EB,08-Nov-17,Weekday,PMSH,11.73223593
Front,EB,09-Nov-17,Weekday,PMSH,9.195338722
Front,EB,10-Nov-17,Weekday,PMSH,9.227420525
Front,EB,13-Nov-17,Weekday,PMSH,16.23507892
Front,EB,14-Nov-17,Weekday,PMSH,11.77198735
Front,EB,15-Nov-17,Weekday,PMSH,11.11248011
Front,EB,16-Nov-17,Weekday,PMSH,14.54787041
Front,EB,17-Nov-17,Weekday,PMSH,16.00414235
Front,EB,20-Nov-17,Weekday,PMSH,14.28122472
Front,EB,21-Nov-17,Weekday,PMSH,14.69725717
Front,EB,22-Nov-17,Weekday,PMSH,16.36542866
Front,EB,23-Nov-17,Weekday,PMSH,14.51503448
Front,EB,24-Nov-17,Weekday,PMSH,16.75352475
Front,EB,27-Nov-17,Weekday,PMSH,10.34817866
Front,EB,28-Nov-17,Weekday,PMSH,12.1563885
Front,EB,29-Nov-17,Weekday,PMSH,13.07005571
Front,EB,30-Nov-17,Weekday,PMSH,10.59654356
Front,EB,01-Dec-17,Weekday,PMSH,15.7926796
Front,WB,02-Oct-17,Weekday,PMSH,8.695103218
Front,WB,03-Oct-17,Weekday,PMSH,11.44737142
Front,WB,04-Oct-17,Weekday,PMSH,11.41122148
Front,WB,05-Oct-17,Weekday,PMSH,8.764400678
Front,WB,06-Oct-17,Weekday,PMSH,9.081300827
Front,WB,10-Oct-17,Weekday,PMSH,13.48173575
Front,WB,11-Oct-17,Weekday,PMSH,13.41678731
Front,WB,12-Oct-17,Weekday,PMSH,11.89328888
Front,WB,13-Oct-17,Weekday,PMSH,13.32675156
Front,WB,30-Oct-17,Weekday,PMSH,8.809443032
Front,WB,31-Oct-17,Weekday,PMSH,8.563490017
Front,WB,01-Nov-17,Weekday,PMSH,12.36890364
Front,WB,02-Nov-17,Weekday,PMSH,12.05261578
Front,WB,03-Nov-17,Weekday,PMSH,8.591458569
Front,WB,06-Nov-17,Weekday,PMSH,13.20894067
Front,WB,07-Nov-17,Weekday,PMSH,13.40264719
Front,WB,08-Nov-17,Weekday,PMSH,9.453009133
Front,WB,09-Nov-17,Weekday,PMSH,10.53980328
Front,WB,10-Nov-17,Weekday,PMSH,9.407912166
Front,WB,13-Nov-17,Weekday,PMSH,13.0246739
Front,WB,14-Nov-17,Weekday,PMSH,16.0710559
Front,WB,15-Nov-17,Weekday,PMSH,14.6506109
Front,WB,16-Nov-17,Weekday,PMSH,16.14586354
Front,WB,17-Nov-17,Weekday,PMSH,13.63783781
Front,WB,20-Nov-17,Weekday,PMSH,12.72986504
Front,WB,21-Nov-17,Weekday,PMSH,16.56628847
Front,WB,22-Nov-17,Weekday,PMSH,15.94804498
Front,WB,23-Nov-17,Weekday,PMSH,13.43597892
Front,WB,24-Nov-17,Weekday,PMSH,14.47589633
Front,WB,27-Nov-17,Weekday,PMSH,10.10708807
Front,WB,28-Nov-17,Weekday,PMSH,10.89183111
Front,WB,29-Nov-17,Weekday,PMSH,11.48685699
Front,WB,30-Nov-17,Weekday,PMSH,13.00752513
Front,WB,01-Dec-17,Weekday,PMSH,14.68412466
Queen,EB,02-Oct-17,Weekday,PMSH,11.73573977
Queen,EB,03-Oct-17,Weekday,PMSH,12.85683504
Queen,EB,04-Oct-17,Weekday,PMSH,11.77858562
Queen,EB,05-Oct-17,Weekday,PMSH,9.365216197
Queen,EB,06-Oct-17,Weekday,PMSH,11.05586542
Queen,EB,10-Oct-17,Weekday,PMSH,8.199726288
Queen,EB,11-Oct-17,Weekday,PMSH,11.08028956
Queen,EB,12-Oct-17,Weekday,PMSH,11.80777574
Queen,EB,13-Oct-17,Weekday,PMSH,13.48015722
Queen,EB,30-Oct-17,Weekday,PMSH,9.786011187
Queen,EB,31-Oct-17,Weekday,PMSH,11.51882526
Queen,EB,01-Nov-17,Weekday,PMSH,11.5253547
Queen,EB,02-Nov-17,Weekday,PMSH,13.17412972
Queen,EB,03-Nov-17,Weekday,PMSH,13.45708663
Queen,EB,06-Nov-17,Weekday,PMSH,10.08255298
Queen,EB,07-Nov-17,Weekday,PMSH,12.74567158
Queen,EB,08-Nov-17,Weekday,PMSH,12.03576241
Queen,EB,09-Nov-17,Weekday,PMSH,12.18882386
Queen,EB,10-Nov-17,Weekday,PMSH,12.88810955
Queen,EB,13-Nov-17,Weekday,PMSH,16.32477152
Queen,EB,14-Nov-17,Weekday,PMSH,10.74927343
Queen,EB,15-Nov-17,Weekday,PMSH,11.14690174
Queen,EB,16-Nov-17,Weekday,PMSH,10.91880389
Queen,EB,17-Nov-17,Weekday,PMSH,11.81895646
Queen,EB,20-Nov-17,Weekday,PMSH,13.53581089
Queen,EB,21-Nov-17,Weekday,PMSH,15.03521647
Queen,EB,22-Nov-17,Weekday,PMSH,10.44297351
Queen,EB,23-Nov-17,Weekday,PMSH,16.77969932
Queen,EB,24-Nov-17,Weekday,PMSH,15.58299192
Queen,EB,27-Nov-17,Weekday,PMSH,14.40195778
Queen,EB,28-Nov-17,Weekday,PMSH,15.8699239
Queen,EB,29-Nov-17,Weekday,PMSH,16.74164672
Queen,EB,30-Nov-17,Weekday,PMSH,14.45450716
Queen,EB,01-Dec-17,Weekday,PMSH,14.17128914
Queen,WB,02-Oct-17,Weekday,PMSH,10.18646057
Queen,WB,03-Oct-17,Weekday,PMSH,13.2302832
Queen,WB,04-Oct-17,Weekday,PMSH,11.94918482
Queen,WB,05-Oct-17,Weekday,PMSH,12.07139664
Queen,WB,06-Oct-17,Weekday,PMSH,8.325504812
Queen,WB,10-Oct-17,Weekday,PMSH,11.69743139
Queen,WB,11-Oct-17,Weekday,PMSH,13.38944547
Queen,WB,12-Oct-17,Weekday,PMSH,10.1378133
Queen,WB,13-Oct-17,Weekday,PMSH,12.5584295
Queen,WB,30-Oct-17,Weekday,PMSH,13.22508518
Queen,WB,31-Oct-17,Weekday,PMSH,9.003105716
Queen,WB,01-Nov-17,Weekday,PMSH,10.7512001
Queen,WB,02-Nov-17,Weekday,PMSH,11.67444536
Queen,WB,03-Nov-17,Weekday,PMSH,9.133813904
Queen,WB,06-Nov-17,Weekday,PMSH,9.768692066
Queen,WB,07-Nov-17,Weekday,PMSH,13.2810163
Queen,WB,08-Nov-17,Weekday,PMSH,12.50353563
Queen,WB,09-Nov-17,Weekday,PMSH,10.36298091
Queen,WB,10-Nov-17,Weekday,PMSH,12.39787419
Queen,WB,13-Nov-17,Weekday,PMSH,13.62546953
Queen,WB,14-Nov-17,Weekday,PMSH,14.41509007
Queen,WB,15-Nov-17,Weekday,PMSH,13.51774499
Queen,WB,16-Nov-17,Weekday,PMSH,14.81688971
Queen,WB,17-Nov-17,Weekday,PMSH,11.67040315
Queen,WB,20-Nov-17,Weekday,PMSH,16.58211483
Queen,WB,21-Nov-17,Weekday,PMSH,13.96399139
Queen,WB,22-Nov-17,Weekday,PMSH,14.18345064
Queen,WB,23-Nov-17,Weekday,PMSH,16.40623315
Queen,WB,24-Nov-17,Weekday,PMSH,15.57348578
Queen,WB,27-Nov-17,Weekday,PMSH,13.63727394
Queen,WB,28-Nov-17,Weekday,PMSH,16.96586266
Queen,WB,29-Nov-17,Weekday,PMSH,10.74118056
Queen,WB,30-Nov-17,Weekday,PMSH,13.34082623
Queen,WB,01-Dec-17,Weekday,PMSH,15.34336753
Richmond,WB,02-Oct-17,Weekday,PMSH,13.28127192
Richmond,WB,03-Oct-17,Weekday,PMSH,12.20885162
Richmond,WB,04-Oct-17,Weekday,PMSH,12.52704906
Richmond,WB,05-Oct-17,Weekday,PMSH,11.47302023
Richmond,WB,06-Oct-17,Weekday,PMSH,8.566111515
Richmond,WB,10-Oct-17,Weekday,PMSH,8.991414532
Richmond,WB,11-Oct-17,Weekday,PMSH,8.145925707
Richmond,WB,12-Oct-17,Weekday,PMSH,13.96820859
Richmond,WB,13-Oct-17,Weekday,PMSH,10.80103839
Richmond,WB,30-Oct-17,Weekday,PMSH,9.586089227
Richmond,WB,31-Oct-17,Weekday,PMSH,8.61401991
Richmond,WB,01-Nov-17,Weekday,PMSH,8.200435498
Richmond,WB,02-Nov-17,Weekday,PMSH,9.807044501
Richmond,WB,03-Nov-17,Weekday,PMSH,13.17928086
Richmond,WB,06-Nov-17,Weekday,PMSH,10.67050105
Richmond,WB,07-Nov-17,Weekday,PMSH,13.43002083
Richmond,WB,08-Nov-17,Weekday,PMSH,8.903089978
Richmond,WB,09-Nov-17,Weekday,PMSH,11.28746042
Richmond,WB,10-Nov-17,Weekday,PMSH,13.49409462
Richmond,WB,13-Nov-17,Weekday,PMSH,10.01112457
Richmond,WB,14-Nov-17,Weekday,PMSH,12.79387259
Richmond,WB,15-Nov-17,Weekday,PMSH,10.53162725
Richmond,WB,16-Nov-17,Weekday,PMSH,14.72094114
Richmond,WB,17-Nov-17,Weekday,PMSH,14.65123563
Richmond,WB,20-Nov-17,Weekday,PMSH,15.11397047
Richmond,WB,21-Nov-17,Weekday,PMSH,16.22224613
Richmond,WB,22-Nov-17,Weekday,PMSH,11.53674988
Richmond,WB,23-Nov-17,Weekday,PMSH,12.18803978
Richmond,WB,24-Nov-17,Weekday,PMSH,14.09699107
Richmond,WB,27-Nov-17,Weekday,PMSH,15.37051985
Richmond,WB,28-Nov-17,Weekday,PMSH,13.45225052
Richmond,WB,29-Nov-17,Weekday,PMSH,16.29196899
Richmond,WB,30-Nov-17,Weekday,PMSH,13.13420145
Richmond,WB,01-Dec-17,Weekday,PMSH,16.41298521
Wellington,WB,02-Oct-17,Weekday,PMSH,13.94284617
Wellington,WB,03-Oct-17,Weekday,PMSH,9.438345214
Wellington,WB,04-Oct-17,Weekday,PMSH,9.176037611
Wellington,WB,05-Oct-17,Weekday,PMSH,13.80222142
Wellington,WB,06-Oct-17,Weekday,PMSH,11.8113515
Wellington,WB,10-Oct-17,Weekday,PMSH,8.734300246
Wellington,WB,11-Oct-17,Weekday,PMSH,10.97136393
Wellington,WB,12-Oct-17,Weekday,PMSH,8.316851839
Wellington,WB,13-Oct-17,Weekday,PMSH,11.30358667
Wellington,WB,30-Oct-17,Weekday,PMSH,12.53813674
Wellington,WB,31-Oct-17,Weekday,PMSH,10.02212625
Wellington,WB,01-Nov-17,Weekday,PMSH,9.311597009
Wellington,WB,02-Nov-17,Weekday,PMSH,13.59086529
Wellington,WB,03-Nov-17,Weekday,PMSH,13.93559582
Wellington,WB,06-Nov-17,Weekday,PMSH,13.99762465
Wellington,WB,07-Nov-17,Weekday,PMSH,9.454009133
Wellington,WB,08-Nov-17,Weekday,PMSH,11.09771818
Wellington,WB,09-Nov-17,Weekday,PMSH,10.31875426
Wellington,WB,10-Nov-17,Weekday,PMSH,8.564325476
Wellington,WB,13-Nov-17,Weekday,PMSH,12.63198578
Wellington,WB,14-Nov-17,Weekday,PMSH,11.8162696
Wellington,WB,15-Nov-17,Weekday,PMSH,14.36706042
Wellington,WB,16-Nov-17,Weekday,PMSH,13.7693655
Wellington,WB,17-Nov-17,Weekday,PMSH,15.7607619
Wellington,WB,20-Nov-17,Weekday,PMSH,16.66342183
Wellington,WB,21-Nov-17,Weekday,PMSH,16.37172226
Wellington,WB,22-Nov-17,Weekday,PMSH,15.23068779
Wellington,WB,23-Nov-17,Weekday,PMSH,16.45552696
Wellington,WB,24-Nov-17,Weekday,PMSH,13.07121068
Wellington,WB,27-Nov-17,Weekday,PMSH,13.30651741
Wellington,WB,28-Nov-17,Weekday,PMSH,15.75536523
Wellington,WB,29-Nov-17,Weekday,PMSH,14.78097557
Wellington,WB,30-Nov-17,Weekday,PMSH,13.66426886
Wellington,WB,01-Dec-17,Weekday,PMSH,10.48128138
Adelaide,EB,02-Oct-17,Weekday,EVEN,14.65712282
Adelaide,EB,03-Oct-17,Weekday,EVEN,11.46265236
Adelaide,EB,04-Oct-17,Weekday,EVEN,14.82524768
Adelaide,EB,05-Oct-17,Weekday,EVEN,11.76568025
Adelaide,EB,06-Oct-17,Weekday,EVEN,11.39638364
Adelaide,EB,10-Oct-17,Weekday,EVEN,12.54613318
Adelaide,EB,11-Oct-17,Weekday,EVEN,15.51203012
Adelaide,EB,12-Oct-17,Weekday,EVEN,10.76679188
Adelaide,EB,13-Oct-17,Weekday,EVEN,12.46515096
Adelaide,EB,30-Oct-17,Weekday,EVEN,12.23788022
Adelaide,EB,31-Oct-17,Weekday,EVEN,12.37439581
Adelaide,EB,01-Nov-17,Weekday,EVEN,11.1979965
Adelaide,EB,02-Nov-17,Weekday,EVEN,11.39021033
Adelaide,EB,03-Nov-17,Weekday,EVEN,13.82445526
Adelaide,EB,06-Nov-17,Weekday,EVEN,13.17211235
Adelaide,EB,07-Nov-17,Weekday,EVEN,12.37661301
Adelaide,EB,08-Nov-17,Weekday,EVEN,10.32769048
Adelaide,EB,09-Nov-17,Weekday,EVEN,16.70299121
Adelaide,EB,10-Nov-17,Weekday,EVEN,17.53666037
Adelaide,EB,13-Nov-17,Weekday,EVEN,17.81137429
Adelaide,EB,14-Nov-17,Weekday,EVEN,16.34947709
Adelaide,EB,15-Nov-17,Weekday,EVEN,19.79356682
Adelaide,EB,16-Nov-17,Weekday,EVEN,13.28537528
Adelaide,EB,17-Nov-17,Weekday,EVEN,17.89068993
Adelaide,EB,20-Nov-17,Weekday,EVEN,15.3368385
Adelaide,EB,21-Nov-17,Weekday,EVEN,17.43461035
Adelaide,EB,22-Nov-17,Weekday,EVEN,16.49162066
Adelaide,EB,23-Nov-17,Weekday,EVEN,17.87171254
Adelaide,EB,24-Nov-17,Weekday,EVEN,14.8305407
Adelaide,EB,27-Nov-17,Weekday,EVEN,12.8293513
Adelaide,EB,28-Nov-17,Weekday,EVEN,17.93725668
Adelaide,EB,29-Nov-17,Weekday,EVEN,12.81139318
Adelaide,EB,30-Nov-17,Weekday,EVEN,17.21849561
Adelaide,EB,01-Dec-17,Weekday,EVEN,14.44286668
Dundas,EB,02-Oct-17,Weekday,EVEN,15.09076543
Dundas,EB,03-Oct-17,Weekday,EVEN,15.62260859
Dundas,EB,04-Oct-17,Weekday,EVEN,14.91902071
Dundas,EB,05-Oct-17,Weekday,EVEN,17.55071896
Dundas,EB,06-Oct-17,Weekday,EVEN,13.77100614
Dundas,EB,10-Oct-17,Weekday,EVEN,12.2310637
Dundas,EB,11-Oct-17,Weekday,EVEN,17.95491692
Dundas,EB,12-Oct-17,Weekday,EVEN,13.31801974
Dundas,EB,13-Oct-17,Weekday,EVEN,11.42724265
Dundas,EB,30-Oct-17,Weekday,EVEN,10.64060261
Dundas,EB,31-Oct-17,Weekday,EVEN,14.82687799
Dundas,EB,01-Nov-17,Weekday,EVEN,14.50348515
Dundas,EB,02-Nov-17,Weekday,EVEN,15.82257827
Dundas,EB,03-Nov-17,Weekday,EVEN,10.0339423
Dundas,EB,06-Nov-17,Weekday,EVEN,10.98762256
Dundas,EB,07-Nov-17,Weekday,EVEN,14.30786785
Dundas,EB,08-Nov-17,Weekday,EVEN,13.24316498
Dundas,EB,09-Nov-17,Weekday,EVEN,13.17349512
Dundas,EB,10-Nov-17,Weekday,EVEN,10.93908108
Dundas,EB,13-Nov-17,Weekday,EVEN,17.19031396
Dundas,EB,14-Nov-17,Weekday,EVEN,18.0733744
Dundas,EB,15-Nov-17,Weekday,EVEN,16.3321605
Dundas,EB,16-Nov-17,Weekday,EVEN,16.15170603
Dundas,EB,17-Nov-17,Weekday,EVEN,18.07827508
Dundas,EB,20-Nov-17,Weekday,EVEN,16.37480055
Dundas,EB,21-Nov-17,Weekday,EVEN,17.15631898
Dundas,EB,22-Nov-17,Weekday,EVEN,17.64121083
Dundas,EB,23-Nov-17,Weekday,EVEN,19.43382762
Dundas,EB,24-Nov-17,Weekday,EVEN,11.36777867
Dundas,EB,27-Nov-17,Weekday,EVEN,19.39954354
Dundas,EB,28-Nov-17,Weekday,EVEN,18.44750839
Dundas,EB,29-Nov-17,Weekday,EVEN,14.1521881
Dundas,EB,30-Nov-17,Weekday,EVEN,13.24882535
Dundas,EB,01-Dec-17,Weekday,EVEN,14.13757163
Dundas,WB,02-Oct-17,Weekday,EVEN,11.53040308
Dundas,WB,03-Oct-17,Weekday,EVEN,12.10525329
Dundas,WB,04-Oct-17,Weekday,EVEN,13.64725286
Dundas,WB,05-Oct-17,Weekday,EVEN,13.02527862
Dundas,WB,06-Oct-17,Weekday,EVEN,12.75096334
Dundas,WB,10-Oct-17,Weekday,EVEN,13.52983973
Dundas,WB,11-Oct-17,Weekday,EVEN,11.81026961
Dundas,WB,12-Oct-17,Weekday,EVEN,10.25919068
Dundas,WB,13-Oct-17,Weekday,EVEN,11.27880642
Dundas,WB,30-Oct-17,Weekday,EVEN,14.5545215
Dundas,WB,31-Oct-17,Weekday,EVEN,14.24885335
Dundas,WB,01-Nov-17,Weekday,EVEN,15.86108075
Dundas,WB,02-Nov-17,Weekday,EVEN,16.10817449
Dundas,WB,03-Nov-17,Weekday,EVEN,11.99230748
Dundas,WB,06-Nov-17,Weekday,EVEN,11.55012925
Dundas,WB,07-Nov-17,Weekday,EVEN,13.6315802
Dundas,WB,08-Nov-17,Weekday,EVEN,10.20853706
Dundas,WB,09-Nov-17,Weekday,EVEN,13.54570616
Dundas,WB,10-Nov-17,Weekday,EVEN,15.71072932
Dundas,WB,13-Nov-17,Weekday,EVEN,16.97132903
Dundas,WB,14-Nov-17,Weekday,EVEN,12.51147728
Dundas,WB,15-Nov-17,Weekday,EVEN,19.93693103
Dundas,WB,16-Nov-17,Weekday,EVEN,16.80980526
Dundas,WB,17-Nov-17,Weekday,EVEN,17.22736839
Dundas,WB,20-Nov-17,Weekday,EVEN,14.44260182
Dundas,WB,21-Nov-17,Weekday,EVEN,18.05239509
Dundas,WB,22-Nov-17,Weekday,EVEN,14.02355622
Dundas,WB,23-Nov-17,Weekday,EVEN,15.8684642
Dundas,WB,24-Nov-17,Weekday,EVEN,17.40978718
Dundas,WB,27-Nov-17,Weekday,EVEN,18.46372066
Dundas,WB,28-Nov-17,Weekday,EVEN,20.81025302
Dundas,WB,29-Nov-17,Weekday,EVEN,14.11537616
Dundas,WB,30-Nov-17,Weekday,EVEN,16.1620293
Dundas,WB,01-Dec-17,Weekday,EVEN,16.40560604
Front,EB,02-Oct-17,Weekday,EVEN,12.9322311
Front,EB,03-Oct-17,Weekday,EVEN,15.72569993
Front,EB,04-Oct-17,Weekday,EVEN,14.57623223
Front,EB,05-Oct-17,Weekday,EVEN,12.93480851
Front,EB,06-Oct-17,Weekday,EVEN,17.48324884
Front,EB,10-Oct-17,Weekday,EVEN,11.43140877
Front,EB,11-Oct-17,Weekday,EVEN,11.75018449
Front,EB,12-Oct-17,Weekday,EVEN,11.11920916
Front,EB,13-Oct-17,Weekday,EVEN,12.58020209
Front,EB,30-Oct-17,Weekday,EVEN,13.0613531
Front,EB,31-Oct-17,Weekday,EVEN,14.35052441
Front,EB,01-Nov-17,Weekday,EVEN,14.40466038
Front,EB,02-Nov-17,Weekday,EVEN,14.09469673
Front,EB,03-Nov-17,Weekday,EVEN,15.47123843
Front,EB,06-Nov-17,Weekday,EVEN,16.91717474
Front,EB,07-Nov-17,Weekday,EVEN,10.63371794
Front,EB,08-Nov-17,Weekday,EVEN,11.10176672
Front,EB,09-Nov-17,Weekday,EVEN,13.0560254
Front,EB,10-Nov-17,Weekday,EVEN,14.96906748
Front,EB,13-Nov-17,Weekday,EVEN,12.93714683
Front,EB,14-Nov-17,Weekday,EVEN,14.075234
Front,EB,15-Nov-17,Weekday,EVEN,14.14685276
Front,EB,16-Nov-17,Weekday,EVEN,19.9307568
Front,EB,17-Nov-17,Weekday,EVEN,11.09369816
Front,EB,20-Nov-17,Weekday,EVEN,16.03672472
Front,EB,21-Nov-17,Weekday,EVEN,16.9322352
Front,EB,22-Nov-17,Weekday,EVEN,14.78231589
Front,EB,23-Nov-17,Weekday,EVEN,17.3852491
Front,EB,24-Nov-17,Weekday,EVEN,14.596312
Front,EB,27-Nov-17,Weekday,EVEN,16.56993424
Front,EB,28-Nov-17,Weekday,EVEN,13.65228499
Front,EB,29-Nov-17,Weekday,EVEN,15.44494564
Front,EB,30-Nov-17,Weekday,EVEN,17.2934066
Front,EB,01-Dec-17,Weekday,EVEN,11.07266552
Front,WB,02-Oct-17,Weekday,EVEN,12.43478646
Front,WB,03-Oct-17,Weekday,EVEN,13.02688729
Front,WB,04-Oct-17,Weekday,EVEN,9.352492483
Front,WB,05-Oct-17,Weekday,EVEN,14.81099001
Front,WB,06-Oct-17,Weekday,EVEN,14.02107254
Front,WB,10-Oct-17,Weekday,EVEN,13.88898711
Front,WB,11-Oct-17,Weekday,EVEN,13.41842336
Front,WB,12-Oct-17,Weekday,EVEN,14.01332628
Front,WB,13-Oct-17,Weekday,EVEN,13.39423289
Front,WB,30-Oct-17,Weekday,EVEN,12.71914664
Front,WB,31-Oct-17,Weekday,EVEN,14.41884998
Front,WB,01-Nov-17,Weekday,EVEN,16.18932712
Front,WB,02-Nov-17,Weekday,EVEN,11.34096743
Front,WB,03-Nov-17,Weekday,EVEN,11.22733249
Front,WB,06-Nov-17,Weekday,EVEN,15.63340939
Front,WB,07-Nov-17,Weekday,EVEN,10.50201283
Front,WB,08-Nov-17,Weekday,EVEN,13.15624907
Front,WB,09-Nov-17,Weekday,EVEN,11.1372615
Front,WB,10-Nov-17,Weekday,EVEN,14.36918687
Front,WB,13-Nov-17,Weekday,EVEN,15.57573371
Front,WB,14-Nov-17,Weekday,EVEN,17.15313754
Front,WB,15-Nov-17,Weekday,EVEN,14.01756692
Front,WB,16-Nov-17,Weekday,EVEN,13.51452929
Front,WB,17-Nov-17,Weekday,EVEN,16.59708863
Front,WB,20-Nov-17,Weekday,EVEN,16.16390906
Front,WB,21-Nov-17,Weekday,EVEN,14.33308199
Front,WB,22-Nov-17,Weekday,EVEN,16.86272318
Front,WB,23-Nov-17,Weekday,EVEN,18.94366998
Front,WB,24-Nov-17,Weekday,EVEN,11.97898217
Front,WB,27-Nov-17,Weekday,EVEN,15.05003022
Front,WB,28-Nov-17,Weekday,EVEN,15.43633688
Front,WB,29-Nov-17,Weekday,EVEN,11.88981989
Front,WB,30-Nov-17,Weekday,EVEN,13.01549598
Front,WB,01-Dec-17,Weekday,EVEN,13.10909939
Queen,EB,02-Oct-17,Weekday,EVEN,13.93528662
Queen,EB,03-Oct-17,Weekday,EVEN,15.55970459
Queen,EB,04-Oct-17,Weekday,EVEN,13.94897161
Queen,EB,05-Oct-17,Weekday,EVEN,15.48420245
Queen,EB,06-Oct-17,Weekday,EVEN,12.55145577
Queen,EB,10-Oct-17,Weekday,EVEN,12.71558376
Queen,EB,11-Oct-17,Weekday,EVEN,16.02239978
Queen,EB,12-Oct-17,Weekday,EVEN,13.43648314
Queen,EB,13-Oct-17,Weekday,EVEN,16.77736862
Queen,EB,30-Oct-17,Weekday,EVEN,13.75664697
Queen,EB,31-Oct-17,Weekday,EVEN,16.14865803
Queen,EB,01-Nov-17,Weekday,EVEN,13.17800026
Queen,EB,02-Nov-17,Weekday,EVEN,12.89590172
Queen,EB,03-Nov-17,Weekday,EVEN,13.60651387
Queen,EB,06-Nov-17,Weekday,EVEN,10.95045331
Queen,EB,07-Nov-17,Weekday,EVEN,16.73874783
Queen,EB,08-Nov-17,Weekday,EVEN,14.1062673
Queen,EB,09-Nov-17,Weekday,EVEN,12.7345061
Queen,EB,10-Nov-17,Weekday,EVEN,15.72890422
Queen,EB,13-Nov-17,Weekday,EVEN,14.35052532
Queen,EB,14-Nov-17,Weekday,EVEN,15.13688855
Queen,EB,15-Nov-17,Weekday,EVEN,17.7993571
Queen,EB,16-Nov-17,Weekday,EVEN,14.68628325
Queen,EB,17-Nov-17,Weekday,EVEN,17.93804271
Queen,EB,20-Nov-17,Weekday,EVEN,16.73098382
Queen,EB,21-Nov-17,Weekday,EVEN,12.52826037
Queen,EB,22-Nov-17,Weekday,EVEN,17.51902051
Queen,EB,23-Nov-17,Weekday,EVEN,13.39882408
Queen,EB,24-Nov-17,Weekday,EVEN,16.91640517
Queen,EB,27-Nov-17,Weekday,EVEN,13.56400215
Queen,EB,28-Nov-17,Weekday,EVEN,16.90743771
Queen,EB,29-Nov-17,Weekday,EVEN,17.63561999
Queen,EB,30-Nov-17,Weekday,EVEN,12.04597913
Queen,EB,01-Dec-17,Weekday,EVEN,20.39226608
Queen,WB,02-Oct-17,Weekday,EVEN,11.89558011
Queen,WB,03-Oct-17,Weekday,EVEN,11.48776381
Queen,WB,04-Oct-17,Weekday,EVEN,12.05342661
Queen,WB,05-Oct-17,Weekday,EVEN,13.33577944
Queen,WB,06-Oct-17,Weekday,EVEN,15.0318821
Queen,WB,10-Oct-17,Weekday,EVEN,15.36410028
Queen,WB,11-Oct-17,Weekday,EVEN,13.65518864
Queen,WB,12-Oct-17,Weekday,EVEN,15.20286562
Queen,WB,13-Oct-17,Weekday,EVEN,11.68822002
Queen,WB,30-Oct-17,Weekday,EVEN,12.89179843
Queen,WB,31-Oct-17,Weekday,EVEN,10.10823928
Queen,WB,01-Nov-17,Weekday,EVEN,14.50899154
Queen,WB,02-Nov-17,Weekday,EVEN,9.217962906
Queen,WB,03-Nov-17,Weekday,EVEN,13.29205454
Queen,WB,06-Nov-17,Weekday,EVEN,12.71290239
Queen,WB,07-Nov-17,Weekday,EVEN,10.41123185
Queen,WB,08-Nov-17,Weekday,EVEN,13.59925783
Queen,WB,09-Nov-17,Weekday,EVEN,12.38832933
Queen,WB,10-Nov-17,Weekday,EVEN,12.15046794
Queen,WB,13-Nov-17,Weekday,EVEN,18.64095895
Queen,WB,14-Nov-17,Weekday,EVEN,16.47892402
Queen,WB,15-Nov-17,Weekday,EVEN,14.5208253
Queen,WB,16-Nov-17,Weekday,EVEN,14.20755833
Queen,WB,17-Nov-17,Weekday,EVEN,12.46067124
Queen,WB,20-Nov-17,Weekday,EVEN,14.65020455
Queen,WB,21-Nov-17,Weekday,EVEN,18.34260142
Queen,WB,22-Nov-17,Weekday,EVEN,14.3205952
Queen,WB,23-Nov-17,Weekday,EVEN,12.70420465
Queen,WB,24-Nov-17,Weekday,EVEN,19.27963903
Queen,WB,27-Nov-17,Weekday,EVEN,17.06379697
Queen,WB,28-Nov-17,Weekday,EVEN,17.93688357
Queen,WB,29-Nov-17,Weekday,EVEN,19.95997088
Queen,WB,30-Nov-17,Weekday,EVEN,13.52049919
Queen,WB,01-Dec-17,Weekday,EVEN,11.59890321
Richmond,WB,02-Oct-17,Weekday,EVEN,16.90735686
Richmond,WB,03-Oct-17,Weekday,EVEN,15.65989044
Richmond,WB,04-Oct-17,Weekday,EVEN,14.83100217
Richmond,WB,05-Oct-17,Weekday,EVEN,12.76679167
Richmond,WB,06-Oct-17,Weekday,EVEN,12.54597728
Richmond,WB,10-Oct-17,Weekday,EVEN,11.62563654
Richmond,WB,11-Oct-17,Weekday,EVEN,12.21045939
Richmond,WB,12-Oct-17,Weekday,EVEN,13.87256429
Richmond,WB,13-Oct-17,Weekday,EVEN,13.78129138
Richmond,WB,30-Oct-17,Weekday,EVEN,16.23781285
Richmond,WB,31-Oct-17,Weekday,EVEN,12.0127846
Richmond,WB,01-Nov-17,Weekday,EVEN,14.23701892
Richmond,WB,02-Nov-17,Weekday,EVEN,9.748861625
Richmond,WB,03-Nov-17,Weekday,EVEN,14.42229396
Richmond,WB,06-Nov-17,Weekday,EVEN,15.12101551
Richmond,WB,07-Nov-17,Weekday,EVEN,15.24488578
Richmond,WB,08-Nov-17,Weekday,EVEN,10.5244529
Richmond,WB,09-Nov-17,Weekday,EVEN,16.35460126
Richmond,WB,10-Nov-17,Weekday,EVEN,13.12701573
Richmond,WB,13-Nov-17,Weekday,EVEN,16.69316029
Richmond,WB,14-Nov-17,Weekday,EVEN,19.60327648
Richmond,WB,15-Nov-17,Weekday,EVEN,15.70074473
Richmond,WB,16-Nov-17,Weekday,EVEN,20.86035171
Richmond,WB,17-Nov-17,Weekday,EVEN,11.99323472
Richmond,WB,20-Nov-17,Weekday,EVEN,17.68067784
Richmond,WB,21-Nov-17,Weekday,EVEN,18.44878244
Richmond,WB,22-Nov-17,Weekday,EVEN,15.15594126
Richmond,WB,23-Nov-17,Weekday,EVEN,13.64210338
Richmond,WB,24-Nov-17,Weekday,EVEN,15.7021545
Richmond,WB,27-Nov-17,Weekday,EVEN,19.89182978
Richmond,WB,28-Nov-17,Weekday,EVEN,15.4014825
Richmond,WB,29-Nov-17,Weekday,EVEN,17.2745618
Richmond,WB,30-Nov-17,Weekday,EVEN,13.99944869
Richmond,WB,01-Dec-17,Weekday,EVEN,17.51475811
Wellington,WB,02-Oct-17,Weekday,EVEN,12.97693578
Wellington,WB,03-Oct-17,Weekday,EVEN,14.89492757
Wellington,WB,04-Oct-17,Weekday,EVEN,14.95702376
Wellington,WB,05-Oct-17,Weekday,EVEN,11.93210624
Wellington,WB,06-Oct-17,Weekday,EVEN,12.62137492
Wellington,WB,10-Oct-17,Weekday,EVEN,17.4366531
Wellington,WB,11-Oct-17,Weekday,EVEN,11.94608964
Wellington,WB,12-Oct-17,Weekday,EVEN,13.28642196
Wellington,WB,13-Oct-17,Weekday,EVEN,17.04045925
Wellington,WB,30-Oct-17,Weekday,EVEN,16.20924921
Wellington,WB,31-Oct-17,Weekday,EVEN,12.93225172
Wellington,WB,01-Nov-17,Weekday,EVEN,11.40037934
Wellington,WB,02-Nov-17,Weekday,EVEN,16.15811749
Wellington,WB,03-Nov-17,Weekday,EVEN,15.6582503
Wellington,WB,06-Nov-17,Weekday,EVEN,10.05755399
Wellington,WB,07-Nov-17,Weekday,EVEN,12.98547003
Wellington,WB,08-Nov-17,Weekday,EVEN,14.60081993
Wellington,WB,09-Nov-17,Weekday,EVEN,15.08677001
Wellington,WB,10-Nov-17,Weekday,EVEN,14.6241638
Wellington,WB,13-Nov-17,Weekday,EVEN,12.20366473
Wellington,WB,14-Nov-17,Weekday,EVEN,15.65844131
Wellington,WB,15-Nov-17,Weekday,EVEN,14.17335219
Wellington,WB,16-Nov-17,Weekday,EVEN,15.08146457
Wellington,WB,17-Nov-17,Weekday,EVEN,16.41340783
Wellington,WB,20-Nov-17,Weekday,EVEN,15.26971391
Wellington,WB,21-Nov-17,Weekday,EVEN,14.03229985
Wellington,WB,22-Nov-17,Weekday,EVEN,16.88812809
Wellington,WB,23-Nov-17,Weekday,EVEN,16.91553344
Wellington,WB,24-Nov-17,Weekday,EVEN,18.30020952
Wellington,WB,27-Nov-17,Weekday,EVEN,16.63137567
Wellington,WB,28-Nov-17,Weekday,EVEN,11.37842082
Wellington,WB,29-Nov-17,Weekday,EVEN,20.13413742
Wellington,WB,30-Nov-17,Weekday,EVEN,14.65147138
Wellington,WB,01-Dec-17,Weekday,EVEN,15.45351859
Adelaide,EB,07-Oct-17,Weekend,MORN,12.65171502
Adelaide,EB,08-Oct-17,Weekend,MORN,8.780118688
Adelaide,EB,14-Oct-17,Weekend,MORN,12.35491428
Adelaide,EB,15-Oct-17,Weekend,MORN,13.74475782
Adelaide,EB,04-Nov-17,Weekend,MORN,9.524593172
Adelaide,EB,05-Nov-17,Weekend,MORN,12.65489572
Adelaide,EB,12-Nov-17,Weekend,MORN,11.97158281
Adelaide,EB,18-Nov-17,Weekend,MORN,10.14956761
Adelaide,EB,19-Nov-17,Weekend,MORN,13.52182176
Adelaide,EB,25-Nov-17,Weekend,MORN,11.79021254
Adelaide,EB,26-Nov-17,Weekend,MORN,15.22771367
Adelaide,EB,02-Dec-17,Weekend,MORN,13.03616346
Adelaide,EB,03-Dec-17,Weekend,MORN,15.95376869
Dundas,EB,07-Oct-17,Weekend,MORN,8.795946378
Dundas,EB,08-Oct-17,Weekend,MORN,8.740935631
Dundas,EB,14-Oct-17,Weekend,MORN,12.61656388
Dundas,EB,15-Oct-17,Weekend,MORN,10.7935817
Dundas,EB,04-Nov-17,Weekend,MORN,12.99622361
Dundas,EB,05-Nov-17,Weekend,MORN,10.80612915
Dundas,EB,12-Nov-17,Weekend,MORN,9.336322088
Dundas,EB,18-Nov-17,Weekend,MORN,12.56463584
Dundas,EB,19-Nov-17,Weekend,MORN,11.54705142
Dundas,EB,25-Nov-17,Weekend,MORN,13.02365128
Dundas,EB,26-Nov-17,Weekend,MORN,13.50304281
Dundas,EB,02-Dec-17,Weekend,MORN,10.69267111
Dundas,EB,03-Dec-17,Weekend,MORN,11.51987673
Dundas,WB,07-Oct-17,Weekend,MORN,10.32280813
Dundas,WB,08-Oct-17,Weekend,MORN,9.906214769
Dundas,WB,14-Oct-17,Weekend,MORN,10.49428271
Dundas,WB,15-Oct-17,Weekend,MORN,9.280671324
Dundas,WB,04-Nov-17,Weekend,MORN,9.041015955
Dundas,WB,05-Nov-17,Weekend,MORN,9.039022272
Dundas,WB,12-Nov-17,Weekend,MORN,9.419947075
Dundas,WB,18-Nov-17,Weekend,MORN,12.73467261
Dundas,WB,19-Nov-17,Weekend,MORN,11.01188256
Dundas,WB,25-Nov-17,Weekend,MORN,10.89403624
Dundas,WB,26-Nov-17,Weekend,MORN,16.4115714
Dundas,WB,02-Dec-17,Weekend,MORN,10.5094763
Dundas,WB,03-Dec-17,Weekend,MORN,15.24712707
Front,EB,07-Oct-17,Weekend,MORN,13.78093877
Front,EB,08-Oct-17,Weekend,MORN,12.10997141
Front,EB,14-Oct-17,Weekend,MORN,11.93239011
Front,EB,15-Oct-17,Weekend,MORN,13.32194248
Front,EB,04-Nov-17,Weekend,MORN,10.89978527
Front,EB,05-Nov-17,Weekend,MORN,11.43278707
Front,EB,12-Nov-17,Weekend,MORN,11.32687494
Front,EB,18-Nov-17,Weekend,MORN,10.02759876
Front,EB,19-Nov-17,Weekend,MORN,14.57362187
Front,EB,25-Nov-17,Weekend,MORN,15.54248579
Front,EB,26-Nov-17,Weekend,MORN,12.70257003
Front,EB,02-Dec-17,Weekend,MORN,12.72349012
Front,EB,03-Dec-17,Weekend,MORN,16.68268106
Front,WB,07-Oct-17,Weekend,MORN,10.95661162
Front,WB,08-Oct-17,Weekend,MORN,13.23899141
Front,WB,14-Oct-17,Weekend,MORN,8.86931905
Front,WB,15-Oct-17,Weekend,MORN,13.782045
Front,WB,04-Nov-17,Weekend,MORN,12.04103536
Front,WB,05-Nov-17,Weekend,MORN,12.25898647
Front,WB,12-Nov-17,Weekend,MORN,10.42956661
Front,WB,18-Nov-17,Weekend,MORN,10.11079554
Front,WB,19-Nov-17,Weekend,MORN,15.63229918
Front,WB,25-Nov-17,Weekend,MORN,12.2699878
Front,WB,26-Nov-17,Weekend,MORN,12.24368174
Front,WB,02-Dec-17,Weekend,MORN,12.20104169
Front,WB,03-Dec-17,Weekend,MORN,13.70432193
Queen,EB,07-Oct-17,Weekend,MORN,8.972506234
Queen,EB,08-Oct-17,Weekend,MORN,8.775443982
Queen,EB,14-Oct-17,Weekend,MORN,11.77825344
Queen,EB,15-Oct-17,Weekend,MORN,13.83398285
Queen,EB,04-Nov-17,Weekend,MORN,8.68240505
Queen,EB,05-Nov-17,Weekend,MORN,10.99145355
Queen,EB,12-Nov-17,Weekend,MORN,8.511942605
Queen,EB,18-Nov-17,Weekend,MORN,10.54318262
Queen,EB,19-Nov-17,Weekend,MORN,11.24642277
Queen,EB,25-Nov-17,Weekend,MORN,13.16759747
Queen,EB,26-Nov-17,Weekend,MORN,11.21538587
Queen,EB,02-Dec-17,Weekend,MORN,14.33732477
Queen,EB,03-Dec-17,Weekend,MORN,12.26297525
Queen,WB,07-Oct-17,Weekend,MORN,12.4564494
Queen,WB,08-Oct-17,Weekend,MORN,9.101706182
Queen,WB,14-Oct-17,Weekend,MORN,10.6231892
Queen,WB,15-Oct-17,Weekend,MORN,12.6188361
Queen,WB,04-Nov-17,Weekend,MORN,8.827527267
Queen,WB,05-Nov-17,Weekend,MORN,8.020338101
Queen,WB,12-Nov-17,Weekend,MORN,11.75875982
Queen,WB,18-Nov-17,Weekend,MORN,11.72880734
Queen,WB,19-Nov-17,Weekend,MORN,15.20922717
Queen,WB,25-Nov-17,Weekend,MORN,14.74250699
Queen,WB,26-Nov-17,Weekend,MORN,11.23899282
Queen,WB,02-Dec-17,Weekend,MORN,12.68822306
Queen,WB,03-Dec-17,Weekend,MORN,10.82744497
Richmond,WB,07-Oct-17,Weekend,MORN,9.190950916
Richmond,WB,08-Oct-17,Weekend,MORN,8.444352621
Richmond,WB,14-Oct-17,Weekend,MORN,11.55688988
Richmond,WB,15-Oct-17,Weekend,MORN,12.77737038
Richmond,WB,04-Nov-17,Weekend,MORN,10.98638358
Richmond,WB,05-Nov-17,Weekend,MORN,13.48217369
Richmond,WB,12-Nov-17,Weekend,MORN,10.34606255
Richmond,WB,18-Nov-17,Weekend,MORN,15.94670444
Richmond,WB,19-Nov-17,Weekend,MORN,11.53024793
Richmond,WB,25-Nov-17,Weekend,MORN,13.12875874
Richmond,WB,26-Nov-17,Weekend,MORN,15.41031352
Richmond,WB,02-Dec-17,Weekend,MORN,11.40979854
Richmond,WB,03-Dec-17,Weekend,MORN,16.82275772
Wellington,WB,07-Oct-17,Weekend,MORN,13.98676998
Wellington,WB,08-Oct-17,Weekend,MORN,11.61639493
Wellington,WB,14-Oct-17,Weekend,MORN,12.37692203
Wellington,WB,15-Oct-17,Weekend,MORN,10.97232917
Wellington,WB,04-Nov-17,Weekend,MORN,12.47438807
Wellington,WB,05-Nov-17,Weekend,MORN,10.38734297
Wellington,WB,12-Nov-17,Weekend,MORN,10.56631639
Wellington,WB,18-Nov-17,Weekend,MORN,10.10981492
Wellington,WB,19-Nov-17,Weekend,MORN,15.33219832
Wellington,WB,25-Nov-17,Weekend,MORN,16.97218135
Wellington,WB,26-Nov-17,Weekend,MORN,11.48460333
Wellington,WB,02-Dec-17,Weekend,MORN,11.14310237
Wellington,WB,03-Dec-17,Weekend,MORN,13.40473687
Adelaide,EB,07-Oct-17,Weekend,AFTN,13.56803731
Adelaide,EB,08-Oct-17,Weekend,AFTN,16.61399515
Adelaide,EB,14-Oct-17,Weekend,AFTN,15.85655402
Adelaide,EB,15-Oct-17,Weekend,AFTN,11.3252267
Adelaide,EB,04-Nov-17,Weekend,AFTN,13.58406339
Adelaide,EB,05-Nov-17,Weekend,AFTN,13.95203884
Adelaide,EB,12-Nov-17,Weekend,AFTN,11.00940611
Adelaide,EB,18-Nov-17,Weekend,AFTN,16.10577043
Adelaide,EB,19-Nov-17,Weekend,AFTN,19.26544521
Adelaide,EB,25-Nov-17,Weekend,AFTN,17.06240841
Adelaide,EB,26-Nov-17,Weekend,AFTN,12.08588576
Adelaide,EB,02-Dec-17,Weekend,AFTN,14.4051593
Adelaide,EB,03-Dec-17,Weekend,AFTN,17.5409561
Dundas,EB,07-Oct-17,Weekend,AFTN,11.525709
Dundas,EB,08-Oct-17,Weekend,AFTN,12.279093
Dundas,EB,14-Oct-17,Weekend,AFTN,15.43641358
Dundas,EB,15-Oct-17,Weekend,AFTN,11.04641051
Dundas,EB,04-Nov-17,Weekend,AFTN,12.781371
Dundas,EB,05-Nov-17,Weekend,AFTN,12.06120485
Dundas,EB,12-Nov-17,Weekend,AFTN,13.66804368
Dundas,EB,18-Nov-17,Weekend,AFTN,14.42185869
Dundas,EB,19-Nov-17,Weekend,AFTN,18.52294343
Dundas,EB,25-Nov-17,Weekend,AFTN,17.22861571
Dundas,EB,26-Nov-17,Weekend,AFTN,12.64042507
Dundas,EB,02-Dec-17,Weekend,AFTN,14.74331001
Dundas,EB,03-Dec-17,Weekend,AFTN,13.36420763
Dundas,WB,07-Oct-17,Weekend,AFTN,16.96553504
Dundas,WB,08-Oct-17,Weekend,AFTN,11.56362591
Dundas,WB,14-Oct-17,Weekend,AFTN,11.6948863
Dundas,WB,15-Oct-17,Weekend,AFTN,10.75886142
Dundas,WB,04-Nov-17,Weekend,AFTN,10.31448048
Dundas,WB,05-Nov-17,Weekend,AFTN,13.41246406
Dundas,WB,12-Nov-17,Weekend,AFTN,10.6461913
Dundas,WB,18-Nov-17,Weekend,AFTN,14.26677311
Dundas,WB,19-Nov-17,Weekend,AFTN,14.66019178
Dundas,WB,25-Nov-17,Weekend,AFTN,17.17655786
Dundas,WB,26-Nov-17,Weekend,AFTN,15.57213722
Dundas,WB,02-Dec-17,Weekend,AFTN,13.66528568
Dundas,WB,03-Dec-17,Weekend,AFTN,12.3414735
Front,EB,07-Oct-17,Weekend,AFTN,15.00259635
Front,EB,08-Oct-17,Weekend,AFTN,15.77168171
Front,EB,14-Oct-17,Weekend,AFTN,15.71709679
Front,EB,15-Oct-17,Weekend,AFTN,14.92554917
Front,EB,04-Nov-17,Weekend,AFTN,13.62317253
Front,EB,05-Nov-17,Weekend,AFTN,12.15814871
Front,EB,12-Nov-17,Weekend,AFTN,14.92989208
Front,EB,18-Nov-17,Weekend,AFTN,18.7272902
Front,EB,19-Nov-17,Weekend,AFTN,15.01452791
Front,EB,25-Nov-17,Weekend,AFTN,15.15961821
Front,EB,26-Nov-17,Weekend,AFTN,15.75350886
Front,EB,02-Dec-17,Weekend,AFTN,18.30110973
Front,EB,03-Dec-17,Weekend,AFTN,14.46043757
Front,WB,07-Oct-17,Weekend,AFTN,11.63231214
Front,WB,08-Oct-17,Weekend,AFTN,14.91476123
Front,WB,14-Oct-17,Weekend,AFTN,15.91376273
Front,WB,15-Oct-17,Weekend,AFTN,10.20615939
Front,WB,04-Nov-17,Weekend,AFTN,10.02761913
Front,WB,05-Nov-17,Weekend,AFTN,13.09084105
Front,WB,12-Nov-17,Weekend,AFTN,16.17126704
Front,WB,18-Nov-17,Weekend,AFTN,17.59136325
Front,WB,19-Nov-17,Weekend,AFTN,19.7397561
Front,WB,25-Nov-17,Weekend,AFTN,15.59320926
Front,WB,26-Nov-17,Weekend,AFTN,11.80926991
Front,WB,02-Dec-17,Weekend,AFTN,16.98354469
Front,WB,03-Dec-17,Weekend,AFTN,16.87430886
Queen,EB,07-Oct-17,Weekend,AFTN,15.91216851
Queen,EB,08-Oct-17,Weekend,AFTN,15.85020814
Queen,EB,14-Oct-17,Weekend,AFTN,13.95322865
Queen,EB,15-Oct-17,Weekend,AFTN,12.6665602
Queen,EB,04-Nov-17,Weekend,AFTN,13.83566844
Queen,EB,05-Nov-17,Weekend,AFTN,16.34438539
Queen,EB,12-Nov-17,Weekend,AFTN,11.21843375
Queen,EB,18-Nov-17,Weekend,AFTN,13.03270528
Queen,EB,19-Nov-17,Weekend,AFTN,13.46419082
Queen,EB,25-Nov-17,Weekend,AFTN,17.830494
Queen,EB,26-Nov-17,Weekend,AFTN,16.1765061
Queen,EB,02-Dec-17,Weekend,AFTN,14.43328675
Queen,EB,03-Dec-17,Weekend,AFTN,13.1182365
Queen,WB,07-Oct-17,Weekend,AFTN,14.41797019
Queen,WB,08-Oct-17,Weekend,AFTN,9.991292959
Queen,WB,14-Oct-17,Weekend,AFTN,9.481839982
Queen,WB,15-Oct-17,Weekend,AFTN,11.7992433
Queen,WB,04-Nov-17,Weekend,AFTN,13.43704321
Queen,WB,05-Nov-17,Weekend,AFTN,13.7877863
Queen,WB,12-Nov-17,Weekend,AFTN,12.47249502
Queen,WB,18-Nov-17,Weekend,AFTN,15.01081443
Queen,WB,19-Nov-17,Weekend,AFTN,18.34585339
Queen,WB,25-Nov-17,Weekend,AFTN,15.48810203
Queen,WB,26-Nov-17,Weekend,AFTN,16.88742653
Queen,WB,02-Dec-17,Weekend,AFTN,14.02120352
Queen,WB,03-Dec-17,Weekend,AFTN,12.27213302
Richmond,WB,07-Oct-17,Weekend,AFTN,13.61674542
Richmond,WB,08-Oct-17,Weekend,AFTN,12.53709005
Richmond,WB,14-Oct-17,Weekend,AFTN,15.35907439
Richmond,WB,15-Oct-17,Weekend,AFTN,11.33362671
Richmond,WB,04-Nov-17,Weekend,AFTN,13.31733517
Richmond,WB,05-Nov-17,Weekend,AFTN,11.06526445
Richmond,WB,12-Nov-17,Weekend,AFTN,14.52717244
Richmond,WB,18-Nov-17,Weekend,AFTN,18.34541351
Richmond,WB,19-Nov-17,Weekend,AFTN,16.29064726
Richmond,WB,25-Nov-17,Weekend,AFTN,18.16995149
Richmond,WB,26-Nov-17,Weekend,AFTN,17.99393782
Richmond,WB,02-Dec-17,Weekend,AFTN,11.68009352
Richmond,WB,03-Dec-17,Weekend,AFTN,16.39952241
Wellington,WB,07-Oct-17,Weekend,AFTN,9.079170313
Wellington,WB,08-Oct-17,Weekend,AFTN,11.62868089
Wellington,WB,14-Oct-17,Weekend,AFTN,14.0973169
Wellington,WB,15-Oct-17,Weekend,AFTN,9.764730532
Wellington,WB,04-Nov-17,Weekend,AFTN,11.33778241
Wellington,WB,05-Nov-17,Weekend,AFTN,13.13324963
Wellington,WB,12-Nov-17,Weekend,AFTN,11.8026849
Wellington,WB,18-Nov-17,Weekend,AFTN,12.47548753
Wellington,WB,19-Nov-17,Weekend,AFTN,17.03353791
Wellington,WB,25-Nov-17,Weekend,AFTN,16.12904669
Wellington,WB,26-Nov-17,Weekend,AFTN,11.46826928
Wellington,WB,02-Dec-17,Weekend,AFTN,16.65030573
Wellington,WB,03-Dec-17,Weekend,AFTN,14.92615999
Adelaide,EB,07-Oct-17,Weekend,EVEN,14.12770696
Adelaide,EB,08-Oct-17,Weekend,EVEN,15.59129583
Adelaide,EB,14-Oct-17,Weekend,EVEN,9.700042714
Adelaide,EB,15-Oct-17,Weekend,EVEN,12.20204159
Adelaide,EB,04-Nov-17,Weekend,EVEN,13.5074941
Adelaide,EB,05-Nov-17,Weekend,EVEN,14.28616375
Adelaide,EB,12-Nov-17,Weekend,EVEN,16.21762044
Adelaide,EB,18-Nov-17,Weekend,EVEN,13.63376509
Adelaide,EB,19-Nov-17,Weekend,EVEN,17.29556768
Adelaide,EB,25-Nov-17,Weekend,EVEN,14.41119319
Adelaide,EB,26-Nov-17,Weekend,EVEN,15.5508105
Adelaide,EB,02-Dec-17,Weekend,EVEN,17.34895618
Adelaide,EB,03-Dec-17,Weekend,EVEN,15.95495338
Dundas,EB,07-Oct-17,Weekend,EVEN,14.53493224
Dundas,EB,08-Oct-17,Weekend,EVEN,13.38015027
Dundas,EB,14-Oct-17,Weekend,EVEN,15.13054034
Dundas,EB,15-Oct-17,Weekend,EVEN,12.3118532
Dundas,EB,04-Nov-17,Weekend,EVEN,17.05967904
Dundas,EB,05-Nov-17,Weekend,EVEN,16.74662713
Dundas,EB,12-Nov-17,Weekend,EVEN,14.19643388
Dundas,EB,18-Nov-17,Weekend,EVEN,17.1647993
Dundas,EB,19-Nov-17,Weekend,EVEN,13.67572533
Dundas,EB,25-Nov-17,Weekend,EVEN,15.24468447
Dundas,EB,26-Nov-17,Weekend,EVEN,17.9608367
Dundas,EB,02-Dec-17,Weekend,EVEN,19.89444282
Dundas,EB,03-Dec-17,Weekend,EVEN,17.75518739
Dundas,WB,07-Oct-17,Weekend,EVEN,12.54320477
Dundas,WB,08-Oct-17,Weekend,EVEN,9.022429265
Dundas,WB,14-Oct-17,Weekend,EVEN,14.09437018
Dundas,WB,15-Oct-17,Weekend,EVEN,13.79548473
Dundas,WB,04-Nov-17,Weekend,EVEN,12.05905503
Dundas,WB,05-Nov-17,Weekend,EVEN,12.33934708
Dundas,WB,12-Nov-17,Weekend,EVEN,12.91665149
Dundas,WB,18-Nov-17,Weekend,EVEN,17.98071631
Dundas,WB,19-Nov-17,Weekend,EVEN,14.2219705
Dundas,WB,25-Nov-17,Weekend,EVEN,14.92833455
Dundas,WB,26-Nov-17,Weekend,EVEN,17.14052808
Dundas,WB,02-Dec-17,Weekend,EVEN,20.38881993
Dundas,WB,03-Dec-17,Weekend,EVEN,15.88241878
Front,EB,07-Oct-17,Weekend,EVEN,13.80806999
Front,EB,08-Oct-17,Weekend,EVEN,12.79371904
Front,EB,14-Oct-17,Weekend,EVEN,16.31588717
Front,EB,15-Oct-17,Weekend,EVEN,13.82757437
Front,EB,04-Nov-17,Weekend,EVEN,15.66448206
Front,EB,05-Nov-17,Weekend,EVEN,14.89305179
Front,EB,12-Nov-17,Weekend,EVEN,14.87962225
Front,EB,18-Nov-17,Weekend,EVEN,17.91418329
Front,EB,19-Nov-17,Weekend,EVEN,14.76495597
Front,EB,25-Nov-17,Weekend,EVEN,18.76637336
Front,EB,26-Nov-17,Weekend,EVEN,15.57554769
Front,EB,02-Dec-17,Weekend,EVEN,15.09450288
Front,EB,03-Dec-17,Weekend,EVEN,11.3277623
Front,WB,07-Oct-17,Weekend,EVEN,14.74943103
Front,WB,08-Oct-17,Weekend,EVEN,12.99518345
Front,WB,14-Oct-17,Weekend,EVEN,14.71602379
Front,WB,15-Oct-17,Weekend,EVEN,15.51271239
Front,WB,04-Nov-17,Weekend,EVEN,16.45944624
Front,WB,05-Nov-17,Weekend,EVEN,14.86128029
Front,WB,12-Nov-17,Weekend,EVEN,10.71724853
Front,WB,18-Nov-17,Weekend,EVEN,13.67226461
Front,WB,19-Nov-17,Weekend,EVEN,16.65389635
Front,WB,25-Nov-17,Weekend,EVEN,15.56580729
Front,WB,26-Nov-17,Weekend,EVEN,18.34805481
Front,WB,02-Dec-17,Weekend,EVEN,15.02937131
Front,WB,03-Dec-17,Weekend,EVEN,15.5823089
Queen,EB,07-Oct-17,Weekend,EVEN,12.9166179
Queen,EB,08-Oct-17,Weekend,EVEN,13.82614866
Queen,EB,14-Oct-17,Weekend,EVEN,9.513915741
Queen,EB,15-Oct-17,Weekend,EVEN,13.22392776
Queen,EB,04-Nov-17,Weekend,EVEN,13.72279757
Queen,EB,05-Nov-17,Weekend,EVEN,12.30758942
Queen,EB,12-Nov-17,Weekend,EVEN,12.19443928
Queen,EB,18-Nov-17,Weekend,EVEN,17.52274456
Queen,EB,19-Nov-17,Weekend,EVEN,14.34608037
Queen,EB,25-Nov-17,Weekend,EVEN,14.13077314
Queen,EB,26-Nov-17,Weekend,EVEN,15.87992908
Queen,EB,02-Dec-17,Weekend,EVEN,16.04778692
Queen,EB,03-Dec-17,Weekend,EVEN,13.57464462
Queen,WB,07-Oct-17,Weekend,EVEN,15.81236914
Queen,WB,08-Oct-17,Weekend,EVEN,15.26413614
Queen,WB,14-Oct-17,Weekend,EVEN,17.67173325
Queen,WB,15-Oct-17,Weekend,EVEN,13.62004842
Queen,WB,04-Nov-17,Weekend,EVEN,13.59024685
Queen,WB,05-Nov-17,Weekend,EVEN,12.58470345
Queen,WB,12-Nov-17,Weekend,EVEN,15.03648804
Queen,WB,18-Nov-17,Weekend,EVEN,11.91357
Queen,WB,19-Nov-17,Weekend,EVEN,20.78290842
Queen,WB,25-Nov-17,Weekend,EVEN,13.32747508
Queen,WB,26-Nov-17,Weekend,EVEN,12.58355385
Queen,WB,02-Dec-17,Weekend,EVEN,20.06980785
Queen,WB,03-Dec-17,Weekend,EVEN,17.39324605
Richmond,WB,07-Oct-17,Weekend,EVEN,13.64486457
Richmond,WB,08-Oct-17,Weekend,EVEN,13.45896785
Richmond,WB,14-Oct-17,Weekend,EVEN,10.20856148
Richmond,WB,15-Oct-17,Weekend,EVEN,13.05850742
Richmond,WB,04-Nov-17,Weekend,EVEN,17.62434209
Richmond,WB,05-Nov-17,Weekend,EVEN,14.13155688
Richmond,WB,12-Nov-17,Weekend,EVEN,12.85229011
Richmond,WB,18-Nov-17,Weekend,EVEN,14.63911864
Richmond,WB,19-Nov-17,Weekend,EVEN,13.16391815
Richmond,WB,25-Nov-17,Weekend,EVEN,17.69700072
Richmond,WB,26-Nov-17,Weekend,EVEN,15.6682083
Richmond,WB,02-Dec-17,Weekend,EVEN,20.79961223
Richmond,WB,03-Dec-17,Weekend,EVEN,15.32503237
Wellington,WB,07-Oct-17,Weekend,EVEN,14.22107375
Wellington,WB,08-Oct-17,Weekend,EVEN,17.2254943
Wellington,WB,14-Oct-17,Weekend,EVEN,14.4324105
Wellington,WB,15-Oct-17,Weekend,EVEN,13.08872776
Wellington,WB,04-Nov-17,Weekend,EVEN,14.53768039
Wellington,WB,05-Nov-17,Weekend,EVEN,15.99215796
Wellington,WB,12-Nov-17,Weekend,EVEN,14.84265385
Wellington,WB,18-Nov-17,Weekend,EVEN,15.81194437
Wellington,WB,19-Nov-17,Weekend,EVEN,18.75526402
Wellington,WB,25-Nov-17,Weekend,EVEN,16.86494065
Wellington,WB,26-Nov-17,Weekend,EVEN,13.74628457
Wellington,WB,02-Dec-17,Weekend,EVEN,17.66859735
Wellington,WB,03-Dec-17,Weekend,EVEN,19.32618345
